{"HelloWorld":{"css":"css/HelloWorld.c198684c.css","js":"js/HelloWorld.a79f4205.js"},"demo1":{"css":"css/demo1.27907ec8.css","js":"js/demo1.7dc393c4.js"},"demo2":{"css":"css/demo2.eedcf7cb.css","js":"js/demo2.7aa247ed.js"},"test":{"css":"css/test.f2b6b177.css","js":"js/test.292f4e7e.js"},"h5Native":{"js":"js/h5Native.00502af6.js"},"spa":{"css":"css/spa.35b8a516.css"},"":{"html":["HelloWorld.html","demo1.html","demo2.html"],"js":["js/spa.fa4d6a0f.js","lib/LCache.269028a5.js","lib/axios.540056b4.js","lib/es6-promise.a88f2440.js","lib/fastclick.df47033b.js","lib/vue-router.f0e7155a.js","lib/vue.a0fd7bac.js","md5.js","vconsole.min.js"]}}