{
	"flag": "S",
	"code": null,
	"msg": null,
	"data": {
		"state": "NON",
		"creditState": "APS",
		"flowNodeCode": "CARD",
		"nodeDataRes": {
			"custNameMask": "丁**",
			"idNoMask": "4209**********0808",
			"bankCardList": [
				{
					"cardId": "fetrgu2345ewr",
					"cardNoMask": "0093",
					"mobileNo": "15828010228",
					"bankCode": "0015",
					"bankName": "招商银行",
					"refundFlag": "Y",
					"loanFlag": "N"
				}
			]
		},
		"agsShowFlag": "N",
		"uploadCallInfoFlag": "Y"
	}
}
