{
  "flag": "S",
  "code": null,
  "msg": null,
  "data": {
    "tabList": [{
      "tabNo": "T0001",
      "tabName": "精选好物",
      "channelNo": "TAOBAO"
    }, {
      "tabNo": "T0002",
      "tabName": "爆款清单",
      "channelNo": "TAOBAO"
    }, {
      "tabNo": "T0003",
      "tabName": "低价好物",
      "channelNo": "TAOBAO"
    }, {
      "tabNo": "T0004",
      "tabName": "大牌精选",
      "channelNo": "TAOBAO"
    }, {
      "tabNo": "T0005",
      "tabName": "休闲食品",
      "channelNo": "TAOBAO"
    }, {
      "tabNo": "T0006",
      "tabName": "有好货",
      "channelNo": "TAOBAO"
    }, {
      "tabNo": "T0007",
      "tabName": "实时热卖",
      "channelNo": "TAOBAO"
    }, {
      "tabNo": "T0008",
      "tabName": "热门好券",
      "channelNo": "TAOBAO"
    }],
    "busiDate": 1604373385185,
    "goodsPage": {
      "page": 0,
      "pageSize": 0,
      "pages": 0,
      "total": 109,
      "rows": [{
        "goodsNo": "594032958387",
        "promotionLink": "https://uland.taobao.com/coupon/edetail?e=ogRRzjiNU8ANfLV8niU3R5TgU2jJNKOfNNtsjZw%2F%2FoJHotWO1OYGmSjcFXyEE6zRNDaqeQUyEMKlvjmGEHklkLhtWWjRAlP0awvDoeqYhH2UpZ3pdAWvX2HHgstidqXUDfqEFBOhTcwHzjWEz1oYIUzgVN1ImLlh0GZciR9XHZQcW766cJrT%2F81sEvmCcoVXsAJyEi8jzyfbLIov%2B7JMAg%3D%3D&&app_pvid=59590_33.8.173.18_715_1604304156623&ptl=floorId:3756;app_pvid:59590_33.8.173.18_715_1604304156623;tpp_pvid:88cdd370-7829-419c-b9ea-82efc044dff8&union_lens=lensId%3AMAPI%401604304156%4088cdd370-7829-419c-b9ea-82efc044dff8_594032958387%401",
        "channelNo": "TAOBAO",
        "materialNo": "3756",
        "finalPrice": "180.42",
        "salesNum": 65,
        "originPrice": "189.9",
        "rotationPictures": ["https://img.alicdn.com/i3/694633762/O1CN01FVLcOh1df2aS7A1H1_!!694633762.jpg", "https://img.alicdn.com/i2/694633762/O1CN0122GkLP1df2aWWPLaL_!!694633762.jpg", "https://img.alicdn.com/i1/694633762/O1CN01AUgLox1df2aUkCOYu_!!694633762.jpg", "https://img.alicdn.com/i1/694633762/O1CN0107nzkz1df2Wd6t6f7_!!694633762.jpg"],
        "couponAmount": "5",
        "goodsName": "ZEZE剑麻猫爬架猫窝猫树一体大型猫架猫抓柱猫抓板耐磨猫爬柱猫窝",
        "ipayCommissionAmount": "4.48",
        "primaryPicture": "https://img.alicdn.com/bao/uploaded/i1/694633762/O1CN01IhSNcb1df2WcsLkli_!!694633762.jpg",
        "commissionAmount": "2.49"
      }, {
        "goodsNo": "585043659807",
        "promotionLink": "https://uland.taobao.com/coupon/edetail?e=8MksuWjMARMNfLV8niU3R5TgU2jJNKOfNNtsjZw%2F%2FoI93KOv3XidfV953nTBNW%2BpffEspv1wnLTTzuUIEwf7hLhtWWjRAlP0awvDoeqYhH32ZLlefN85XqjVgWNaYbvRDfqEFBOhTcwHzjWEz1oYIUzgVN1ImLlh0GZciR9XHZQcW766cJrT%2F81sEvmCcoVXsAJyEi8jzyfbLIov%2B7JMAg%3D%3D&&app_pvid=59590_33.8.173.18_715_1604304156623&ptl=floorId:3756;app_pvid:59590_33.8.173.18_715_1604304156623;tpp_pvid:88cdd370-7829-419c-b9ea-82efc044dff8&union_lens=lensId%3AMAPI%401604304156%4088cdd370-7829-419c-b9ea-82efc044dff8_585043659807%401",
        "channelNo": "TAOBAO",
        "materialNo": "3756",
        "finalPrice": "5.04",
        "salesNum": 380,
        "originPrice": "19.8",
        "rotationPictures": ["https://img.alicdn.com/i4/477651470/O1CN015XEjw51MjImfOpd4s_!!477651470.jpg", "https://img.alicdn.com/i3/477651470/O1CN019YnKk51MjImWTkwDl_!!477651470.jpg", "https://img.alicdn.com/i1/477651470/O1CN01Zs2VGu1MjInLqg1Bh_!!477651470.jpg"],
        "couponAmount": "10",
        "goodsName": "梵贞护手霜冬季不油腻滋润修护保湿补水大瓶按压式防干裂女男学生",
        "ipayCommissionAmount": "4.76",
        "primaryPicture": "https://img.alicdn.com/bao/uploaded/i2/477651470/O1CN01Qmm9qn1MjIq9T7cue_!!477651470.jpg",
        "commissionAmount": "2.64"
      }, {
        "goodsNo": "590605596831",
        "promotionLink": "https://uland.taobao.com/coupon/edetail?e=WwAGUZDh0cINfLV8niU3R5TgU2jJNKOfNNtsjZw%2F%2FoLyj2Yk47%2FZSWXzueoZ80Eebhq2Rn%2FP%2BTQj5%2Fj1Bv0sVGuFqp8TFaHMNg4Gqf8CT4DKIP%2BQdK5mBQPvL2KEqAF1mMHpNfYdHdBR24YkvPicGnMa4xJMz020LRNvb2TDxDrw4AqR1DbM2wLT5kxWUN9Pn2D1XlujsH0Zao0HO%2FvX0w%3D%3D&&app_pvid=59590_33.8.173.18_715_1604304156623&ptl=floorId:3756;app_pvid:59590_33.8.173.18_715_1604304156623;tpp_pvid:88cdd370-7829-419c-b9ea-82efc044dff8&union_lens=lensId%3AMAPI%401604304156%4088cdd370-7829-419c-b9ea-82efc044dff8_590605596831%401",
        "channelNo": "TAOBAO",
        "materialNo": "3756",
        "finalPrice": "19.96",
        "salesNum": 50,
        "originPrice": "23.8",
        "rotationPictures": ["https://img.alicdn.com/i2/3464708388/O1CN01Rnnwnh2BpkiEGvm7G_!!3464708388.jpg", "https://img.alicdn.com/i3/3464708388/O1CN013dGOUc2BpkiGyQDsH_!!3464708388.jpg", "https://img.alicdn.com/i1/3464708388/O1CN01y7udhz2BpkiEGw2kw_!!3464708388.jpg", "https://img.alicdn.com/i3/3464708388/O1CN01Ir2y9W2BpkiGNoKan_!!3464708388.jpg"],
        "couponAmount": "3",
        "goodsName": "美甲工具套装全套开店初学者家用专业修甲做指甲油胶光疗机器烤灯",
        "ipayCommissionAmount": "0.84",
        "primaryPicture": "https://img.alicdn.com/bao/uploaded/i1/3464708388/O1CN01Re0ByM2BpkiD272rj_!!3464708388.jpg",
        "commissionAmount": "0.46"
      }, {
        "goodsNo": "597592754243",
        "promotionLink": "https://uland.taobao.com/coupon/edetail?e=h1FttYcO7NkNfLV8niU3R5TgU2jJNKOfNNtsjZw%2F%2FoIC1fzPKt6ndRjzmKOAIJ5NfqoTdYZmoI33NlSkc81bBmuFqp8TFaHMNg4Gqf8CT4CWq0L04cNeImoZCJLj55BxmMHpNfYdHdBR24YkvPicGnMa4xJMz020LRNvb2TDxDrw4AqR1DbM2wLT5kxWUN9Pn2D1XlujsH0Zao0HO%2FvX0w%3D%3D&&app_pvid=59590_33.8.173.18_715_1604304156623&ptl=floorId:3756;app_pvid:59590_33.8.173.18_715_1604304156623;tpp_pvid:88cdd370-7829-419c-b9ea-82efc044dff8&union_lens=lensId%3AMAPI%401604304156%4088cdd370-7829-419c-b9ea-82efc044dff8_597592754243%401",
        "channelNo": "TAOBAO",
        "materialNo": "3756",
        "finalPrice": "23.99",
        "salesNum": 731,
        "originPrice": "30",
        "rotationPictures": ["https://img.alicdn.com/i2/3350727537/O1CN019NSic825XzkRZ8i6u_!!3350727537.jpg", "https://img.alicdn.com/i1/3350727537/O1CN01EznVB325XzlhqNeNW_!!3350727537.jpg", "https://img.alicdn.com/i2/3350727537/O1CN01TA3SZ025Xzk8lXVUW_!!3350727537.jpg", "https://img.alicdn.com/i2/3350727537/O1CN01wmeYoY25Xzi4NxqKQ_!!3350727537.jpg"],
        "couponAmount": "5",
        "goodsName": "适配博朗oral欧乐比B电动牙刷头替换通用D12/D16/3757/3709牙刷头",
        "ipayCommissionAmount": "1.01",
        "primaryPicture": "https://img.alicdn.com/bao/uploaded/i4/3350727537/O1CN01cJaljE25XzlARR0lA_!!3350727537.jpg",
        "commissionAmount": "0.56"
      }, {
        "goodsNo": "43852619177",
        "promotionLink": "https://uland.taobao.com/coupon/edetail?e=SdLbkUsx%2BRwNfLV8niU3R5TgU2jJNKOfNNtsjZw%2F%2FoKySknZaN8JoS5n7QGs9r9pCfMOF2QhWYmlvjmGEHklkEgfTscre%2FnALGbJes29FQol4evXaG53hGguyajBlUTkbBob79wv3zvUdzDdbp82e4LF9aOTdW9NHKiqFqSynM81IclZtMKSLvHQdjr0gNP2FX2VYSxqP5dMDQVG07AK7A%3D%3D&&app_pvid=59590_33.8.173.18_715_1604304156623&ptl=floorId:3756;app_pvid:59590_33.8.173.18_715_1604304156623;tpp_pvid:88cdd370-7829-419c-b9ea-82efc044dff8&union_lens=lensId%3AMAPI%401604304156%4088cdd370-7829-419c-b9ea-82efc044dff8_43852619177%401",
        "channelNo": "TAOBAO",
        "materialNo": "3756",
        "finalPrice": "136.22",
        "salesNum": 569,
        "originPrice": "178",
        "rotationPictures": ["https://img.alicdn.com/i2/1647325162/O1CN011o0ExTwzdchq63x_!!1647325162.jpg", "https://img.alicdn.com/i2/1647325162/O1CN011o0ExX3duKlily8_!!1647325162.jpg", "https://img.alicdn.com/i1/1647325162/O1CN01c7ksaU1o0F7IH4VSj_!!1647325162.jpg", "https://img.alicdn.com/i1/1647325162/O1CN011o0ExUp3wHr5UfU_!!1647325162.png"],
        "couponAmount": "40",
        "goodsName": "满减【波力海苔原味126g/100g】寿司海苔即食 儿童小吃 紫菜食品",
        "ipayCommissionAmount": "1.78",
        "primaryPicture": "https://img.alicdn.com/bao/uploaded/i2/1647325162/O1CN01AiLpaZ1o0F3w2GSTv_!!0-item_pic.jpg",
        "commissionAmount": "0.99"
      }, {
        "goodsNo": "541588645007",
        "promotionLink": "https://uland.taobao.com/coupon/edetail?e=upHN%2FEVTTSgNfLV8niU3R5TgU2jJNKOfNNtsjZw%2F%2FoLHnYQqxaWQjQQtk83Dohyh%2BXiSWhHtVpH5kmAOnqdZ5suRTiT9oEhVZV8pr6FWc0PMVSvB8PPVo6JVxsr1puJYmMHpNfYdHdBR24YkvPicGnMa4xJMz020LRNvb2TDxDrw4AqR1DbM2wLT5kxWUN9Pn2D1XlujsH0Zao0HO%2FvX0w%3D%3D&&app_pvid=59590_33.8.173.18_715_1604304156623&ptl=floorId:3756;app_pvid:59590_33.8.173.18_715_1604304156623;tpp_pvid:88cdd370-7829-419c-b9ea-82efc044dff8&union_lens=lensId%3AMAPI%401604304156%4088cdd370-7829-419c-b9ea-82efc044dff8_541588645007%401",
        "channelNo": "TAOBAO",
        "materialNo": "3756",
        "finalPrice": "71.01",
        "salesNum": 98,
        "originPrice": "79",
        "rotationPictures": ["https://img.alicdn.com/i3/2371356951/TB2lP3PuKGSBuNjSspbXXciipXa_!!2371356951.jpg", "https://img.alicdn.com/i1/2371356951/TB2JY.7uH5YBuNjSspoXXbeNFXa_!!2371356951.jpg", "https://img.alicdn.com/i4/2371356951/TB2BhBZu_lYBeNjSszcXXbwhFXa_!!2371356951.jpg", "https://img.alicdn.com/i2/2371356951/TB2Ox7gmC8YBeNkSnb4XXaevFXa_!!2371356951.jpg"],
        "couponAmount": "5",
        "goodsName": "日食记永璞新包装挂耳咖啡2盒装 新鲜烘焙现磨黑咖啡",
        "ipayCommissionAmount": "2.99",
        "primaryPicture": "https://img.alicdn.com/bao/uploaded/i4/2371356951/O1CN01aCTU1w21DbgQlgblr-2371356951.jpg",
        "commissionAmount": "1.66"
      }, {
        "goodsNo": "589705002797",
        "promotionLink": "https://uland.taobao.com/coupon/edetail?e=25YNxziEV0cNfLV8niU3R5TgU2jJNKOfNNtsjZw%2F%2FoKjuACyEOLP7h9XT8%2F6ye0jAUbUdXg4YhH6SqltTC7nkMuRTiT9oEhVZV8pr6FWc0P88UbsnOGbfJES44yi42L4mMHpNfYdHdBR24YkvPicGnMa4xJMz020LRNvb2TDxDrw4AqR1DbM2wLT5kxWUN9Pn2D1XlujsH1lBRYM90QVRw%3D%3D&&app_pvid=59590_33.8.173.18_715_1604304156623&ptl=floorId:3756;app_pvid:59590_33.8.173.18_715_1604304156623;tpp_pvid:88cdd370-7829-419c-b9ea-82efc044dff8&union_lens=lensId%3AMAPI%401604304156%4088cdd370-7829-419c-b9ea-82efc044dff8_589705002797%401",
        "channelNo": "TAOBAO",
        "materialNo": "3756",
        "finalPrice": "4.87",
        "salesNum": 704,
        "originPrice": "15.8",
        "rotationPictures": ["https://img.alicdn.com/i1/2082018794/O1CN016b5x4v2EphXE5WoCC_!!2082018794.jpg", "https://img.alicdn.com/i2/2082018794/O1CN01T3ZSlb2EphXFsDEaD_!!2082018794.jpg", "https://img.alicdn.com/i1/2082018794/O1CN01QtARCd2EphXDCekiI_!!2082018794.jpg", "https://img.alicdn.com/i2/2082018794/O1CN01MFvaHk2EphXAOXjXZ_!!2082018794.jpg"],
        "couponAmount": "10",
        "goodsName": "小米9手机壳小米8/9/se/10/pro保护套透明cc9/cc9e红米k30/20硅胶note/8/7/pro/5全包8青春版6/6x防摔7八外",
        "ipayCommissionAmount": "0.93",
        "primaryPicture": "https://img.alicdn.com/bao/uploaded/i4/2082018794/O1CN01UnerJB2EphdLxG0xw_!!0-item_pic.jpg",
        "commissionAmount": "0.52"
      }, {
        "goodsNo": "40116639349",
        "promotionLink": "https://uland.taobao.com/coupon/edetail?e=NguT2NK9p64NfLV8niU3R5TgU2jJNKOfNNtsjZw%2F%2FoKFN3Dy%2FzUQBSBeFLstk%2FevvXwkMVMRnzelvjmGEHklkEgfTscre%2FnALGbJes29FQrBoabT8bFmCTY6UgEL%2B1XgbBob79wv3zvUdzDdbp82e4LF9aOTdW9NHKiqFqSynM81IclZtMKSLvHQdjr0gNP2FX2VYSxqP5f%2FOua2kVjrsQ%3D%3D&&app_pvid=59590_33.8.173.18_715_1604304156623&ptl=floorId:3756;app_pvid:59590_33.8.173.18_715_1604304156623;tpp_pvid:88cdd370-7829-419c-b9ea-82efc044dff8&union_lens=lensId%3AMAPI%401604304156%4088cdd370-7829-419c-b9ea-82efc044dff8_40116639349%401",
        "channelNo": "TAOBAO",
        "materialNo": "3756",
        "finalPrice": "15.86",
        "salesNum": 38145,
        "originPrice": "18.8",
        "rotationPictures": ["https://img.alicdn.com/i4/1055264642/O1CN01KWeHeR1kA5AA4fMp9_!!1055264642.jpg", "https://img.alicdn.com/i1/1055264642/O1CN011kA4zqtqD7tfi6T_!!1055264642.jpg", "https://img.alicdn.com/i3/1055264642/O1CN01FWoeLx1kA5ARfPgKF_!!1055264642.jpg", "https://img.alicdn.com/i4/1055264642/O1CN011kA4zqJdcYlvotj_!!1055264642.png"],
        "couponAmount": "2",
        "goodsName": "纯棉黑色打底衫女长袖2020春秋冬洋气秋衣内搭紧身阳离子百搭t恤",
        "ipayCommissionAmount": "0.94",
        "primaryPicture": "https://img.alicdn.com/bao/uploaded/i3/1055264642/O1CN011kA4zvrZbGN2KxB_!!1055264642.jpg",
        "commissionAmount": "0.52"
      }, {
        "goodsNo": "625265941815",
        "promotionLink": "https://uland.taobao.com/coupon/edetail?e=obG0dgZC9NoNfLV8niU3R5TgU2jJNKOfNNtsjZw%2F%2FoJf%2FsUh%2FxrIzCFpLm%2F54gZkAAKdKaVQ87D5kmAOnqdZ5suRTiT9oEhVZV8pr6FWc0PSIB8d78n8IB92iUlLZe2dmMHpNfYdHdBR24YkvPicGnMa4xJMz020LRNvb2TDxDrw4AqR1DbM2wLT5kxWUN9Pn2D1XlujsH0Zao0HO%2FvX0w%3D%3D&&app_pvid=59590_33.8.173.18_715_1604304156623&ptl=floorId:3756;app_pvid:59590_33.8.173.18_715_1604304156623;tpp_pvid:88cdd370-7829-419c-b9ea-82efc044dff8&union_lens=lensId%3AMAPI%401604304156%4088cdd370-7829-419c-b9ea-82efc044dff8_625265941815%401",
        "channelNo": "TAOBAO",
        "materialNo": "3756",
        "finalPrice": "117.81",
        "salesNum": 580,
        "originPrice": "698",
        "rotationPictures": ["https://img.alicdn.com/i1/2859274851/O1CN01B9zg1l1lhnvvfPUo1_!!2859274851.jpg", "https://img.alicdn.com/i1/2859274851/O1CN0159LtOs1lhnvoQvOSN_!!2859274851.jpg", "https://img.alicdn.com/i1/2859274851/O1CN01Kds9nX1lhnvnwJhX6_!!2859274851.jpg", "https://img.alicdn.com/i1/2859274851/O1CN01JgG5fV1lhnvr5cQ3D_!!2859274851.jpg"],
        "couponAmount": "500",
        "goodsName": "一秒速热雕花牛奶绒羽绒被95白鹅绒被子双面绒婚庆加厚保暖冬被芯",
        "ipayCommissionAmount": "80.19",
        "primaryPicture": "https://img.alicdn.com/bao/uploaded/i2/2859274851/O1CN01742buY1lhnvnwHHrN_!!2859274851.jpg",
        "commissionAmount": "44.55"
      }, {
        "goodsNo": "592033515995",
        "promotionLink": "https://uland.taobao.com/coupon/edetail?e=ua740Lq%2BqDINfLV8niU3R5TgU2jJNKOfNNtsjZw%2F%2FoIKwot5DuZBL9yyAFfNgq16rdSJshTv%2FoNvyG5l61t7uUgfTscre%2FnALGbJes29FQpeCgK1hztpR9oxTOHEW6V%2FDfqEFBOhTcwHzjWEz1oYIUzgVN1ImLlh0GZciR9XHZQcW766cJrT%2F81sEvmCcoVXsAJyEi8jzyfbLIov%2B7JMAg%3D%3D&&app_pvid=59590_33.8.173.18_715_1604304156623&ptl=floorId:3756;app_pvid:59590_33.8.173.18_715_1604304156623;tpp_pvid:88cdd370-7829-419c-b9ea-82efc044dff8&union_lens=lensId%3AMAPI%401604304156%4088cdd370-7829-419c-b9ea-82efc044dff8_592033515995%401",
        "channelNo": "TAOBAO",
        "materialNo": "3756",
        "finalPrice": "8.69",
        "salesNum": 127,
        "originPrice": "28.9",
        "rotationPictures": ["https://img.alicdn.com/i2/412800697/O1CN01T3iNW21H1GZeWYkh1_!!412800697.jpg", "https://img.alicdn.com/i3/412800697/O1CN01SVVqV11H1GZXOxnJu_!!412800697.jpg", "https://img.alicdn.com/i2/412800697/O1CN01OsMtUe1H1GZfY2ONS_!!412800697.jpg", "https://img.alicdn.com/i1/412800697/O1CN01Bt9UQt1H1GZfY23aL_!!412800697.jpg"],
        "couponAmount": "20",
        "goodsName": "韩婵牛奶沐浴露香体持久留香家庭装大容量正品男女清爽型通用学生",
        "ipayCommissionAmount": "0.21",
        "primaryPicture": "https://img.alicdn.com/bao/uploaded/i4/412800697/O1CN01jkp8GI1H1GeQwcS9c_!!412800697.jpg",
        "commissionAmount": "0.11"
      }]
    }
  }
}