{
  "flag": "S",
  "code": "200",
  "msg": "success",
  "data": {
    "cardOpenResult": "01",
    "openFailCode": "bankMsgErr",
    "nodeDataRes(CARD)": {
      "custNameMask": "脱敏处理的客户姓名",
      "idNoMask": "脱敏处理的客户身份证号",
      "occupationInfoCode": "职业信息代码",
      "occupationInfoDesc": "职业信息描述",
      "bankCardList": [
        {
          "cardId": "银行卡id",
          "cardNoMask": "脱敏处理的银行卡号",
          "mobileNo": "银行卡预留手机号",
          "bankCode": "银行编码",
          "bankName": "银行名称",
          "refundFlag": "默认还款卡标志",
          "loanFlag": "默认借款卡标志"
        }
      ]
    },
    "ipayBankCardList": [
      {
        "bankName": "百信银行",
        "bankNo": "2399 9503 0040 5678",
        "channelNo": "bxb"
      },{
        "bankName": "汇丰银行",
        "bankNo": "2399 9503 0040 5678",
        "channelNo": "bxb"
      }
    ]
  }
}
