{
 "flag": "S",
 "code": null,
 "msg": null,
 "data": {
  "pageOutputVO": {
   "bankName": "江苏长江商业银行",
   "bankNo": "623185008310010268",
   "availableAmt": 9700.00,
   "bindAliPayFlag": "N",
   "qrCodeSwitch": "Y",
   "bindWeChatFlag": "N",
   "displayDailyAmt":"Y",
   "dailyConsumeAmt":100,
   "remainCashAmt": 50000,
   "term": 6,
   "couponsNums": 10,
   "repaymentDate": "2020-03-11",
   "repaymentAmt": 50.61,
   "overdueDays": 10,
   "status": "APS",
   "channelNo": "bxb",
   "openCardFlag": "Y",
   "moreCardsFlag": "Y",
   "totalAmount": 200000
  },
  "oldBillOutputVO": {
    "dueDate": "2020-10-10",
    "type": "1",
    "remainAmt": "888.88",
    "billDate": "2020-11-26",
    "token": "xxxaaa"
  }
 }
}
