{
	"flag": "S",
	"code": "SUCCESS",
	"msg": "请求成功",
	"data": {
		"checkBankOutputs": [{
			"memberNo": "568",
			"channelBizType": "agreement",
			"memberName": "众邦银行",
			"needSign": true,
			"channelMemberNo": "200584000025349",
			"channelCode": "allinpay"
		}, {
			"memberNo": "53",
			"channelBizType": "agreement",
			"memberName": "上海银行",
			"needSign": true,
			"channelMemberNo": "200584000025349",
			"channelCode": "allinpay"
		}, {
			"memberNo": "10",
			"memberName": "三六零小贷",
			"needSign": false
		}],
		"multiFlag": "Y",
		"checkResult": "N",
		"phoneNo": "13566974955"
	}
}