{
	"flag": "S",
	"code": null,
	"msg": null,
	"data": {
    "moreCardsFlag": "Y",
    "ipayBankCardList": [{
      "bankName": "百信银行",
      "bankNo": "42342545345353",
      "channelNo": "bxb",
      "bindAliPayFlag": "Y",
      "bindWeChatFlag": "Y",
      "weixinBindSwitch": "Y",
      "alipayBindSwitch": "Y",
      "cardPriority": "",
      "oneKeyBind": "Y"
    }, {
      "bankName": "长江银行",
      "bankNo": "12343242423456",
      "channelNo": "cj",
      "bindAliPayFlag": "Y",
      "bindWeChatFlag": "Y",
      "weixinBindSwitch": "Y",
      "alipayBindSwitch": "Y",
      "cardPriority": "",
      "oneKeyBind": "Y"
    }]
	}
}
