{
	"flag": "S",
	"code": null,
	"msg": null,
	"data": {
		"agsList": [{
			"sort": 1,
			"templateNo": "AT5917057980578172928",
			"templateVersion": "1.1",
			"templateName": "综合授权书（微零花新）",
			"agreementType": "AUTH",
			"creditOrg": "THIRD_BOSC",
			"titleH5": "综合授权书",
			"titleAgr": "综合授权书",
			"titleFlag": ""
		}, {
			"sort": 2,
			"templateNo": "AT5917057980578172929",
			"templateVersion": "1.1",
			"templateName": "服务协议（微零花新）",
			"agreementType": "SERVE",
			"creditOrg": "THIRD_BOSC",
			"titleH5": "360金融微零花服务协议",
			"titleAgr": "360金融微零花服务协议",
			"titleFlag": ""
		}],
		"popupFlag": "Y",
		"ipayPopupSwitch": "Y"
	}
}
