{
  "flag": "S",
  "code": "SUCCESS",
  "msg": "请求成功",
  "data": {
    "agreementTemplateParcelDomains": [
      {
        "agreementParcel": "Y",
        "agreementType": "LAUTH",
        "procedureType": "LAUTH",
        "titleH5": "马上消费个人征信授权协议",
        "templateNo": "AT6091721124709138436",
        "templateName": "个人征信授权协议(分期卡马上消金)",
        "titleFlag": "",
        "templateVersion": "1.0",
        "sort": -19,
        "titleAgr": "马上消费个人征信授权协议",
        "creditOrg": "PARTNER_MSXJ"
      },
      {
        "agreementParcel": "Y",
        "agreementType": "KAUTH",
        "procedureType": "LAUTH",
        "titleH5": "马上消费个人授信借款合同等协议",
        "templateNo": "AT6091721124709138432",
        "templateName": "个人授信借款合同等协议(分期卡马上消金)",
        "titleFlag": "",
        "templateVersion": "1.0",
        "sort": -18,
        "titleAgr": "马上消费个人授信借款合同等协议",
        "creditOrg": "PARTNER_MSXJ"
      },
      {
        "agreementParcel": "N",
        "titleH5": "微零花相关协议",
        "agreementTemplateParcelDomains": [
          {
            "agreementParcel": "Y",
            "agreementType": "AUTH",
            "procedureType": "FQKAUTH",
            "titleH5": "360微零花综合授权书",
            "templateNo": "AT6040334131098136576",
            "templateName": "综合授权书（微零花新）",
            "titleFlag": "",
            "templateVersion": "1.4",
            "sort": 1,
            "titleAgr": "360微零花综合授权书",
            "creditOrg": "THIRD_FQK"
          },
          {
            "agreementParcel": "Y",
            "agreementType": "SRCF",
            "procedureType": "TERM",
            "titleH5": "分期费率确认单",
            "templateNo": "AT6091721124709138433",
            "templateName": "分期费率确认单(微零花新)",
            "titleFlag": "",
            "templateVersion": "1.4",
            "sort": 1,
            "titleAgr": "分期费率确认单",
            "creditOrg": "THIRD_FQK"
          },
          {
            "agreementParcel": "Y",
            "agreementType": "RISK",
            "procedureType": "FQKSERVE",
            "titleH5": "微零花风险揭示书",
            "templateNo": "AT6091721124709138434",
            "templateName": "风险揭示书(微零花新)",
            "titleFlag": "",
            "templateVersion": "1.4",
            "sort": 1,
            "titleAgr": "微零花风险揭示书",
            "creditOrg": "THIRD_FQK"
          },
          {
            "agreementParcel": "Y",
            "agreementType": "SERVE",
            "procedureType": "FQKSERVE",
            "titleH5": "微零花服务协议",
            "templateNo": "AT6091721124709138435",
            "templateName": "服务协议(微零花新)",
            "titleFlag": "",
            "templateVersion": "1.4",
            "sort": 2,
            "titleAgr": "微零花服务协议",
            "creditOrg": "THIRD_FQK"
          },
          {
            "agreementParcel": "N",
            "titleH5": "二类户开户合集协议",
            "agreementTemplateParcelDomains": [
              {
                "agreementParcel": "Y",
                "agreementType": "ACC",
                "procedureType": "ACCOUNT",
                "titleH5": "江苏长江商业银行电子账户服务协议",
                "templateNo": "AT5959142652338311169",
                "templateName": "电子账户服务协议（分期卡长江）",
                "titleFlag": "",
                "templateVersion": "1.0",
                "sort": 1,
                "titleAgr": "江苏长江商业银行电子账户服务协议",
                "creditOrg": "PARTNER_CJ"
              },
              {
                "agreementParcel": "Y",
                "agreementType": "ACC",
                "procedureType": "ACCOUNT",
                "titleH5": "上海银行直销银行电子账户服务协议",
                "templateNo": "AT5915967671844769792",
                "templateName": "上海银行直销银行电子账户服务协议（微零花新）",
                "titleFlag": "",
                "templateVersion": "1.0",
                "sort": 1,
                "titleAgr": "上海银行直销银行电子账户服务协议",
                "creditOrg": "THIRD_FQK"
              },
              {
                "agreementParcel": "Y",
                "agreementType": "ACC",
                "procedureType": "ACCOUNT",
                "titleH5": "百信银行个人银行账户服务协议",
                "templateNo": "AT6060597995182129152",
                "templateName": "百信银行个人银行账户服务协议（分期卡百信）",
                "titleFlag": "",
                "templateVersion": "1.1",
                "sort": 1,
                "titleAgr": "百信银行个人银行账户服务协议",
                "creditOrg": "PARTNER_BXB"
              },
              {
                "agreementParcel": "Y",
                "agreementType": "ACCT",
                "procedureType": "FQKACC",
                "titleH5": "360微零花专属电子账户开户协议",
                "templateNo": "AT6040334131098136579",
                "templateName": "360微零花专属电子账户开户协议（微零花新）",
                "titleFlag": "",
                "templateVersion": "1.2",
                "sort": 1,
                "titleAgr": "360微零花专属电子账户开户协议",
                "creditOrg": "THIRD_FQK"
              }
            ],
            "sort": 10
          },
          {
            "agreementParcel": "N",
            "titleH5": "资方授信合集协议",
            "agreementTemplateParcelDomains": [
              {
                "agreementParcel": "Y",
                "agreementType": "LAUTH",
                "procedureType": "LAUTH",
                "titleH5": "江苏长江商业银行征信授权书",
                "templateNo": "AT6001502445350629377",
                "templateName": "个人信用报告查询专用授权书（分期卡长江）",
                "titleFlag": "",
                "templateVersion": "1.0",
                "sort": 1,
                "titleAgr": "江苏长江商业银行征信授权书",
                "creditOrg": "PARTNER_CJ"
              },
              {
                "agreementParcel": "Y",
                "agreementType": "PAUTH",
                "procedureType": "LAUTH",
                "titleH5": "众邦银行个人信息授权书",
                "templateNo": "AT6018104014905036800",
                "templateName": "众邦银行个人信息授权书（分期卡众邦）",
                "titleFlag": "",
                "templateVersion": "1.0",
                "sort": 1,
                "titleAgr": "众邦银行个人信息授权书",
                "creditOrg": "PARTNER_ZB"
              },
              {
                "agreementParcel": "Y",
                "agreementType": "LAUTH",
                "procedureType": "LAUTH",
                "titleH5": "富民银行征信授权书",
                "templateNo": "AT6014563988397117440",
                "templateName": "富民银行征信授权书（分期卡富民）",
                "titleFlag": "",
                "templateVersion": "1.0",
                "sort": 1,
                "titleAgr": "富民银行征信授权书",
                "creditOrg": "PARTNER_FMB"
              },
              {
                "agreementParcel": "Y",
                "agreementType": "LAUTH",
                "procedureType": "LAUTH",
                "titleH5": "百信银行个人信息查询及使用授权书",
                "templateNo": "AT6001502445350629379",
                "templateName": "个人信息查询及使用授权书（分期卡百信）",
                "titleFlag": "",
                "templateVersion": "1.0",
                "sort": 1,
                "titleAgr": "百信银行个人信息查询及使用授权书",
                "creditOrg": "PARTNER_BXB"
              },
              {
                "agreementParcel": "Y",
                "agreementType": "PAUTH",
                "procedureType": "LAUTH",
                "titleH5": "百信银行个人授信借款合同",
                "templateNo": "AT6001502445350629380",
                "templateName": "个人授信借款合同（分期卡百信）",
                "titleFlag": "",
                "templateVersion": "1.0",
                "sort": 1,
                "titleAgr": "百信银行个人授信借款合同",
                "creditOrg": "PARTNER_BXB"
              },
              {
                "agreementParcel": "Y",
                "agreementType": "KAUTH",
                "procedureType": "LAUTH",
                "titleH5": "海尔消金微零花个人授信借款合同",
                "templateNo": "AT6043514396918272000",
                "templateName": "个人授信借款合同(分期卡海尔消金)",
                "titleFlag": "",
                "templateVersion": "1.0",
                "sort": 1,
                "titleAgr": "海尔消金微零花个人授信借款合同",
                "creditOrg": "PARTNER_HEXJ"
              },
              {
                "agreementParcel": "Y",
                "agreementType": "LAUTH",
                "procedureType": "LAUTH",
                "titleH5": "众邦银行征信授权书",
                "templateNo": "AT6018104014905036801",
                "templateName": "众邦银行征信授权书（分期卡众邦）",
                "titleFlag": "",
                "templateVersion": "1.0",
                "sort": 2,
                "titleAgr": "众邦银行征信授权书",
                "creditOrg": "PARTNER_ZB"
              },
              {
                "agreementParcel": "Y",
                "agreementType": "LAUTH",
                "procedureType": "LAUTH",
                "titleH5": "海尔消金微零花个人征信等信息查询使用授权书",
                "templateNo": "AT6043514396918272001",
                "templateName": "个人征信等信息查询使用授权书(分期卡海尔消金)",
                "titleFlag": "",
                "templateVersion": "1.0",
                "sort": 2,
                "titleAgr": "海尔消金微零花个人征信等信息查询使用授权书",
                "creditOrg": "PARTNER_HEXJ"
              },
              {
                "agreementParcel": "Y",
                "agreementType": "KAUTH",
                "procedureType": "LAUTH",
                "titleH5": "众邦银行微零花个人授信借款合同",
                "templateNo": "AT6021843040128487424",
                "templateName": "个人授信借款合同（分期卡众邦）",
                "titleFlag": "",
                "templateVersion": "1.0",
                "sort": 3,
                "titleAgr": "众邦银行微零花个人授信借款合同",
                "creditOrg": "PARTNER_ZB"
              },
              {
                "agreementParcel": "Y",
                "agreementType": "PAUTH_TWO",
                "procedureType": "LAUTH",
                "titleH5": "百信银行征信授权书",
                "templateNo": "AT6054094248616542208",
                "templateName": "百信银行征信授权书（微零花）",
                "titleFlag": "",
                "templateVersion": "1.0",
                "sort": 3,
                "titleAgr": "百信银行征信授权书",
                "creditOrg": "PARTNER_BXB"
              }
            ],
            "sort": 11
          }
        ],
        "sort": 0
      }
    ]
  }
}