{
	"flag": "S",
	"code": null,
	"msg": null,
	"data": {
		"bindStatus": "S",
		"backUrl": "https://render.alipay.com/p/s/i/?scheme=alipays%3A%2F%2Fplatformapi%2Fstartapp%3FappId%3D20000067%26url%3Dhttps%253A%252F%252Ffinsignweb.alipay.com%252Fmobile%252Fsign%252Fexpress%252Fentrance%253FinstId%253DZXBXBANK%2526token%253D20200515002940000055537198002934%2526cardType%253DDC%2526signProduct%253DAD_EXPRESS_SIGN_AUTH_001%2526bankUrl%253Dhttp%25253A%25252F%25252Fr.aibank.com%25252F0%25253Fk%25253DaqQJba"
	}
}
