{
  "flag": "S",
  "code": "200",
  "msg": "success",
  "data": {
    "ipayBankCardList": [
      {
        "bankName": "百信银行",
        "bankNo": "2399950300401234",
        "channelNo": "bxb",
        "bindFlag": "Y"
      },{
        "bankName": "上海银行",
        "bankNo": "239995030040567812331",
        "channelNo": "bosc",
        "bindFlag": "Y"
      },{
        "bankName": "长江银行",
        "bankNo": "2399950300405678",
        "channelNo": "cj",
        "bindFlag": "N"
      },{
        "bankName": "长江银行",
        "bankNo": "2399950300405678",
        "channelNo": "cj",
        "bindFlag": "N"
      },{
        "bankName": "长江银行",
        "bankNo": "2399950300405678",
        "channelNo": "cj",
        "bindFlag": "N"
      }
    ],
    "moreCardsFlag": "是否多张卡（大于1张），Y是，N不是"
  }
}
