{
  "flag": "S",
  "code": null,
  "msg": null,
  "data": {
    "dateCredit": 1603209600000,
    "custNo": "",
    "dateApply": 1603245600000,
    "paySuccessCount": 10,
    "dateSuccess": 1603245780000,
    "userNo": "UR6042076192012500992",
    "creditStatus": "APS",
    "billYear": "2020",
    "paySuccessAmount": 123.50,
    "lightIcon": [
      "ZFB",
      "WX",
      "JD",
      "ELM"
    ],
    "hasConsume": "Y",
    "creditSeqNo": "100",
    "unlightIcon": [
      "MTDP",
      "TTDY",
      "SN",
      "KDJ",
      "MDL",
      "PDD",
      "TBTM",
      "DD",
      "XBK",
      "KS",
      "360JT",
      "YHCS",
      "APPSTORE",
      "12306",
      "SFSY",
      "CSBLD",
      "CYMS",
      "SJCZ",
      "GJDT",
      "LYCX",
      "YXYL",
      "SHJF",
      "GXSH",
      "WLKD",
      "BXGY"
    ],
    "cardStatus": "02"
  }
}