{
	"flag": "F",
	"code": null,
	"msg": "跟新异常",
	"data": {
		"avpFlag": null,
		"apvAmt": null,
		"oldCustFlowFlag": "N",
		"userNo": "UR5860265015348572160",
		"applStatusDesc": "",
		"crawIfSkip": "Y",
		"acctNo": "",
		"segmentInfoList": [],
		"applState": "APL",
		"facePartner": "FACEAA",
		"channelId": "APK_CH_001_IOS",
		"creditOrg": "THIRD_NJ",
		"preCreditRaShowFlag": "N",
		"promoteApplType": "4",
		"custNo": "CT5900377117903826944",
		"promoteApplFlagNew": "N",
		"nodeNo": "900103",
		"nodeCode": "CONTACT",
		"popoutPicUrl": "",
		"applNo": "AP5902987820653359104",
		"cerAuthShow": "Y",
		"dateAppl": "2019-10-15",
		"preLoanApplCommitFlag": "N",
		"flowCfgNo": "9001",
		"productCode": "360PAY",
		"benefitTicketOf360BIGFlag": "N",
		"completedNodeList": "",
		"applProgress": "",
		"promotionFlag": "",
		"nextCommitFlag": "Y",
		"hzAgreementFlag": "Y",
		"flowNo": "f9d1fb0b83a149adb612e11195f6868d",
		"preLoanApplShowFlag": "N",
		"agsShowFlag": "N",
		"needUploadFlag": "Y"
	}
}
