{
  "flag": "S",
  "code": "200",
  "msg": "success",
  "data": {
    "totalPoint": "200",
    "receivePoints": [
      {
        "bizNo": "XX111",
        "pointDesc": "开卡赠送1",
        "point": "10",
        "expireDate": "过期时间",
        "expireStatus": ""
      },
      {
        "bizNo": "XX222",
        "pointDesc": "开卡赠送2",
        "point": "20",
        "expireDate": "过期时间",
        "expireStatus": "Y"
      },
      {
        "bizNo": "XX333",
        "pointDesc": "开卡赠送3",
        "point": "30",
        "expireDate": "过期时间",
        "expireStatus": ""
      },
      {
        "bizNo": "XX444",
        "pointDesc": "开卡赠送4",
        "point": "40",
        "expireDate": "过期时间",
        "expireStatus": "Y"
      },
      {
        "bizNo": "XX555",
        "pointDesc": "开卡赠送4",
        "point": "40",
        "expireDate": "过期时间",
        "expireStatus": "Y"
      },
      {
        "bizNo": "XX666",
        "pointDesc": "开卡赠送4",
        "point": "40",
        "expireDate": "过期时间",
        "expireStatus": "Y"
      }
    ]
  }
}