{
  "code": "",
  "data": {
    "amount": "0",
    "amoutAgain": "10",
    "discount": "0.94",
    "discountType": "JTD",
    "endDate": 1629385307000,
    "hasApply": "Y",
    "hasParticipation": "Y",
    "hasPurchase": "Y",
    "inprogress": "Y",
    "period": 1,
    "periodEnd": "N",
    "pic": "https://cdn.xjietiao.com/dir_mkteditor/loan_product_img/2bfb47bae4fb420bb550c0f09d5ee378.png",
    "rank": "1",
    "startDate": 1627398107000,
    "subStatus": "N",
    "userInstallment": "Y",
    "wlhCredit": "Y",
    "openCard": "N",
    "wordAmount": "",
    "wechatBind": "Y",
    "alipayBind": "Y",
    "targetRank": 100,
    "rankList": [{
      "rank": 1,
      "userName": "测试01",
      "phone": "13212312312",
      "amount": 100,
      "pic": ""
    },{
      "rank": 2,
      "userName": "测试01",
      "phone": "13212312312",
      "amount": 100,
      "pic": ""
    },{
      "rank": 3,
      "userName": "测试01",
      "phone": "13212312312",
      "amount": 100,
      "pic": ""
    },{
      "rank": 4,
      "userName": "测试01",
      "phone": "13212312312",
      "amount": 100,
      "pic": ""
    }]
  },
  "flag": "S",
  "msg": ""
}