{
  "code": "",
  "data": {
    "totalNum": 23,
    "welfareItems": [
      {
        "amount": 8.00,
        "awardCode": "AUTO_AWARD_20210126_50",
        "awardDesc": "",
        "awardName": "本金券满100减8无有效天",
        "awardType": "COUPON",
        "busiCode": "AUTO_WEL_20210126_12",
        "couponInfo": {
          "amount": 8.00,
          "couponCode": "MICRO_20210125_07",
          "couponDec": "本金券满100减8-无有效天",
          "couponName": "本金券满100减8无有效天",
          "couponType": "W0002",
          "couponTypeName": "消费满减劵",
          "discount": "",
          "intDays": null,
          "intPeriod": "1",
          "limitAmount": 100.00,
          "validDays": null
        },
        "extraMap": null,
        "pic": "",
        "received": "N",
        "remainDays": 5,
        "totalNum": 10000,
        "totalReceivedNum": 1,
        "totalRemainNum": 9999,
        "validEndDate": 1612022400000,
        "validStartDate": 1611504000000
      },
      {
        "amount": 8.00,
        "awardCode": "AUTO_AWARD_20210126_51",
        "awardDesc": "",
        "awardName": "息费抵扣券1期满100减8无有效天",
        "awardType": "COUPON",
        "busiCode": "AUTO_WEL_20210126_12",
        "couponInfo": {
          "amount": 8.00,
          "couponCode": "MICRO_20210125_08",
          "couponDec": "息费抵扣券1期满100减8无有效天",
          "couponName": "息费抵扣券1期满100减8无有效天",
          "couponType": "W0003",
          "couponTypeName": "消费免息劵",
          "discount": "",
          "intDays": null,
          "intPeriod": "1",
          "limitAmount": 100.00,
          "validDays": null
        },
        "extraMap": null,
        "pic": "",
        "received": "N",
        "remainDays": 5,
        "totalNum": 100000,
        "totalReceivedNum": 1,
        "totalRemainNum": 99999,
        "validEndDate": 1612022400000,
        "validStartDate": 1611504000000
      },
      {
        "amount": 8.00,
        "awardCode": "AUTO_AWARD_20210126_52",
        "awardDesc": "",
        "awardName": "本金券满100减8无有效天2022到期",
        "awardType": "COUPON",
        "busiCode": "AUTO_WEL_20210126_12",
        "couponInfo": {
          "amount": 8.00,
          "couponCode": "MICRO_20210125_09",
          "couponDec": "本金券满100减8-无有效天2022到期",
          "couponName": "本金券满100减8无有效天2022到期",
          "couponType": "W0002",
          "couponTypeName": "消费满减劵",
          "discount": "",
          "intDays": null,
          "intPeriod": "1",
          "limitAmount": 100.00,
          "validDays": null
        },
        "extraMap": null,
        "pic": "",
        "received": "N",
        "remainDays": 370,
        "totalNum": 10000,
        "totalReceivedNum": 0,
        "totalRemainNum": 10000,
        "validEndDate": 1643558400000,
        "validStartDate": 1611504000000
      },
      {
        "amount": 8.00,
        "awardCode": "AUTO_AWARD_20210126_53",
        "awardDesc": "",
        "awardName": "息费抵扣券1期满100减8无有效天2022到期",
        "awardType": "COUPON",
        "busiCode": "AUTO_WEL_20210126_12",
        "couponInfo": {
          "amount": 8.00,
          "couponCode": "MICRO_20210125_10",
          "couponDec": "息费抵扣券1期满100减8无有效天",
          "couponName": "息费抵扣券1期满100减8无有效天2022到期",
          "couponType": "W0003",
          "couponTypeName": "消费免息劵",
          "discount": "",
          "intDays": null,
          "intPeriod": "1",
          "limitAmount": 100.00,
          "validDays": null
        },
        "extraMap": null,
        "pic": "",
        "received": "N",
        "remainDays": 370,
        "totalNum": 100000,
        "totalReceivedNum": 0,
        "totalRemainNum": 100000,
        "validEndDate": 1643558400000,
        "validStartDate": 1611504000000
      },
      {
        "amount": 8.00,
        "awardCode": "AUTO_AWARD_20210126_92",
        "awardDesc": "",
        "awardName": "刮刮乐8元优惠券",
        "awardType": "COUPON",
        "busiCode": "AUTO_WEL_20210126_17",
        "couponInfo": {
          "amount": 8.00,
          "couponCode": "MICRO_20210125_06",
          "couponDec": "现金刮刮乐",
          "couponName": "刮刮乐8元优惠券",
          "couponType": "W0002",
          "couponTypeName": "消费满减劵",
          "discount": "",
          "intDays": null,
          "intPeriod": "1",
          "limitAmount": 100.00,
          "validDays": null
        },
        "extraMap": null,
        "pic": "",
        "received": "N",
        "remainDays": 64,
        "totalNum": 10000,
        "totalReceivedNum": 19,
        "totalRemainNum": 9981,
        "validEndDate": 1617120000000,
        "validStartDate": 1611504000000
      },
      {
        "amount": 8.00,
        "awardCode": "AUTO_AWARD_20210126_93",
        "awardDesc": "",
        "awardName": "息费抵扣券6期满100减8无有效天7天",
        "awardType": "COUPON",
        "busiCode": "AUTO_WEL_20210126_17",
        "couponInfo": {
          "amount": 8.00,
          "couponCode": "MICRO_20210125_12",
          "couponDec": "息费抵扣券6期满100减8有效7天",
          "couponName": "息费抵扣券6期满100减8无有效天7天",
          "couponType": "W0003",
          "couponTypeName": "消费免息劵",
          "discount": "",
          "intDays": null,
          "intPeriod": "6",
          "limitAmount": 100.00,
          "validDays": 7
        },
        "extraMap": null,
        "pic": "",
        "received": "N",
        "remainDays": 370,
        "totalNum": 100000,
        "totalReceivedNum": 0,
        "totalRemainNum": 100000,
        "validEndDate": 1643558400000,
        "validStartDate": 1611504000000
      },
      {
        "amount": 8.00,
        "awardCode": "AUTO_AWARD_20210126_94",
        "awardDesc": "",
        "awardName": "息费抵扣券12期满100减8无有效天2022到期",
        "awardType": "COUPON",
        "busiCode": "AUTO_WEL_20210126_17",
        "couponInfo": {
          "amount": 8.00,
          "couponCode": "MICRO_20210125_11",
          "couponDec": "息费抵扣券12期满100减8无有效天",
          "couponName": "息费抵扣券12期满100减8无有效天2022到期",
          "couponType": "W0003",
          "couponTypeName": "消费免息劵",
          "discount": "",
          "intDays": null,
          "intPeriod": "12",
          "limitAmount": 100.00,
          "validDays": null
        },
        "extraMap": null,
        "pic": "",
        "received": "N",
        "remainDays": 370,
        "totalNum": 100000,
        "totalReceivedNum": 0,
        "totalRemainNum": 100000,
        "validEndDate": 1643558400000,
        "validStartDate": 1611504000000
      },
      {
        "amount": 8.00,
        "awardCode": "AUTO_AWARD_20210126_95",
        "awardDesc": "",
        "awardName": "息费抵扣券6期满100减8无有效天5天",
        "awardType": "COUPON",
        "busiCode": "AUTO_WEL_20210126_17",
        "couponInfo": {
          "amount": 8.00,
          "couponCode": "MICRO_20210125_13",
          "couponDec": "息费抵扣券6期满100减8有效5天",
          "couponName": "息费抵扣券6期满100减8无有效天5天",
          "couponType": "W0003",
          "couponTypeName": "消费免息劵",
          "discount": "",
          "intDays": null,
          "intPeriod": "6",
          "limitAmount": 100.00,
          "validDays": 5
        },
        "extraMap": null,
        "pic": "",
        "received": "N",
        "remainDays": 370,
        "totalNum": 100000,
        "totalReceivedNum": 0,
        "totalRemainNum": 100000,
        "validEndDate": 1643558400000,
        "validStartDate": 1611504000000
      },
      {
        "amount": 8.00,
        "awardCode": "AUTO_AWARD_20210126_96",
        "awardDesc": "",
        "awardName": "本金券满100减8无有效天",
        "awardType": "COUPON",
        "busiCode": "AUTO_WEL_20210126_17",
        "couponInfo": {
          "amount": 8.00,
          "couponCode": "MICRO_20210125_07",
          "couponDec": "本金券满100减8-无有效天",
          "couponName": "本金券满100减8无有效天",
          "couponType": "W0002",
          "couponTypeName": "消费满减劵",
          "discount": "",
          "intDays": null,
          "intPeriod": "1",
          "limitAmount": 100.00,
          "validDays": null
        },
        "extraMap": null,
        "pic": "",
        "received": "N",
        "remainDays": 5,
        "totalNum": 10000,
        "totalReceivedNum": 1,
        "totalRemainNum": 9999,
        "validEndDate": 1612022400000,
        "validStartDate": 1611504000000
      },
      {
        "amount": 8.00,
        "awardCode": "AUTO_AWARD_20210126_97",
        "awardDesc": "",
        "awardName": "息费抵扣券1期满100减8无有效天",
        "awardType": "COUPON",
        "busiCode": "AUTO_WEL_20210126_17",
        "couponInfo": {
          "amount": 8.00,
          "couponCode": "MICRO_20210125_08",
          "couponDec": "息费抵扣券1期满100减8无有效天",
          "couponName": "息费抵扣券1期满100减8无有效天",
          "couponType": "W0003",
          "couponTypeName": "消费免息劵",
          "discount": "",
          "intDays": null,
          "intPeriod": "1",
          "limitAmount": 100.00,
          "validDays": null
        },
        "extraMap": null,
        "pic": "",
        "received": "N",
        "remainDays": 5,
        "totalNum": 100000,
        "totalReceivedNum": 1,
        "totalRemainNum": 99999,
        "validEndDate": 1612022400000,
        "validStartDate": 1611504000000
      },
      {
        "amount": 100.00,
        "awardCode": "AUTO_AWARD_20210126_98",
        "awardDesc": "",
        "awardName": "满20000可用本金券",
        "awardType": "COUPON",
        "busiCode": "AUTO_WEL_20210126_17",
        "couponInfo": {
          "amount": 100.00,
          "couponCode": "MICRO_20210126_05",
          "couponDec": "满20000可用本金券",
          "couponName": "满20000可用本金券",
          "couponType": "W0002",
          "couponTypeName": "消费满减劵",
          "discount": "",
          "intDays": null,
          "intPeriod": "1",
          "limitAmount": 20000.00,
          "validDays": 5
        },
        "extraMap": null,
        "pic": "",
        "received": "N",
        "remainDays": 20,
        "totalNum": 100,
        "totalReceivedNum": 0,
        "totalRemainNum": 100,
        "validEndDate": 1613318400000,
        "validStartDate": 1609430400000
      },
      {
        "amount": 100.00,
        "awardCode": "AUTO_AWARD_20210126_99",
        "awardDesc": "",
        "awardName": "满5000可用本金券",
        "awardType": "COUPON",
        "busiCode": "AUTO_WEL_20210126_17",
        "couponInfo": {
          "amount": 100.00,
          "couponCode": "MICRO_20210126_06",
          "couponDec": "满5000可用本金券",
          "couponName": "满5000可用本金券",
          "couponType": "W0002",
          "couponTypeName": "消费满减劵",
          "discount": "",
          "intDays": null,
          "intPeriod": "1",
          "limitAmount": 5000.00,
          "validDays": 5
        },
        "extraMap": null,
        "pic": "",
        "received": "N",
        "remainDays": 20,
        "totalNum": 100,
        "totalReceivedNum": 0,
        "totalRemainNum": 100,
        "validEndDate": 1613318400000,
        "validStartDate": 1609430400000
      },
      {
        "amount": 100.00,
        "awardCode": "AUTO_AWARD_20210126_100",
        "awardDesc": "",
        "awardName": "满999可用本金券",
        "awardType": "COUPON",
        "busiCode": "AUTO_WEL_20210126_17",
        "couponInfo": {
          "amount": 100.00,
          "couponCode": "MICRO_20210126_07",
          "couponDec": "满999可用本金券",
          "couponName": "满999可用本金券",
          "couponType": "W0002",
          "couponTypeName": "消费满减劵",
          "discount": "",
          "intDays": null,
          "intPeriod": "1",
          "limitAmount": 999.00,
          "validDays": 5
        },
        "extraMap": null,
        "pic": "",
        "received": "N",
        "remainDays": 20,
        "totalNum": 100,
        "totalReceivedNum": 0,
        "totalRemainNum": 100,
        "validEndDate": 1613318400000,
        "validStartDate": 1609430400000
      },
      {
        "amount": 5.00,
        "awardCode": "AUTO_AWARD_20210126_101",
        "awardDesc": "",
        "awardName": "满55可用本金券",
        "awardType": "COUPON",
        "busiCode": "AUTO_WEL_20210126_17",
        "couponInfo": {
          "amount": 5.00,
          "couponCode": "MICRO_20210126_08",
          "couponDec": "满55可用本金券",
          "couponName": "满55可用本金券",
          "couponType": "W0002",
          "couponTypeName": "消费满减劵",
          "discount": "",
          "intDays": null,
          "intPeriod": "1",
          "limitAmount": 55.00,
          "validDays": 5
        },
        "extraMap": null,
        "pic": "",
        "received": "N",
        "remainDays": 20,
        "totalNum": 100,
        "totalReceivedNum": 0,
        "totalRemainNum": 100,
        "validEndDate": 1613318400000,
        "validStartDate": 1609430400000
      },
      {
        "amount": 5.00,
        "awardCode": "AUTO_AWARD_20210126_102",
        "awardDesc": "",
        "awardName": "满8可用本金券",
        "awardType": "COUPON",
        "busiCode": "AUTO_WEL_20210126_17",
        "couponInfo": {
          "amount": 5.00,
          "couponCode": "MICRO_20210126_09",
          "couponDec": "满8可用本金券",
          "couponName": "满8可用本金券",
          "couponType": "W0002",
          "couponTypeName": "消费满减劵",
          "discount": "",
          "intDays": null,
          "intPeriod": "1",
          "limitAmount": 8.00,
          "validDays": 5
        },
        "extraMap": null,
        "pic": "",
        "received": "N",
        "remainDays": 20,
        "totalNum": 100,
        "totalReceivedNum": 0,
        "totalRemainNum": 100,
        "validEndDate": 1613318400000,
        "validStartDate": 1609430400000
      },
      {
        "amount": 0.00,
        "awardCode": "AUTO_AWARD_20210126_103",
        "awardDesc": "",
        "awardName": "无门槛可用本金券",
        "awardType": "COUPON",
        "busiCode": "AUTO_WEL_20210126_17",
        "couponInfo": {
          "amount": 0.00,
          "couponCode": "MICRO_20210126_10",
          "couponDec": "无门槛可用本金券",
          "couponName": "无门槛可用本金券",
          "couponType": "W0002",
          "couponTypeName": "消费满减劵",
          "discount": "",
          "intDays": null,
          "intPeriod": "1",
          "limitAmount": 0.00,
          "validDays": 5
        },
        "extraMap": null,
        "pic": "",
        "received": "N",
        "remainDays": 20,
        "totalNum": 100,
        "totalReceivedNum": 0,
        "totalRemainNum": 100,
        "validEndDate": 1613318400000,
        "validStartDate": 1609430400000
      },
      {
        "amount": 10000.00,
        "awardCode": "AUTO_AWARD_20210126_105",
        "awardDesc": "",
        "awardName": "满20000减10000可用本金券",
        "awardType": "COUPON",
        "busiCode": "AUTO_WEL_20210126_17",
        "couponInfo": {
          "amount": 10000.00,
          "couponCode": "MICRO_20210126_15",
          "couponDec": "满20000减10000可用本金券",
          "couponName": "满20000减10000可用本金券",
          "couponType": "W0002",
          "couponTypeName": "消费满减劵",
          "discount": "",
          "intDays": null,
          "intPeriod": "1",
          "limitAmount": 20000.00,
          "validDays": 5
        },
        "extraMap": null,
        "pic": "",
        "received": "N",
        "remainDays": 20,
        "totalNum": 100,
        "totalReceivedNum": 0,
        "totalRemainNum": 100,
        "validEndDate": 1613318400000,
        "validStartDate": 1609430400000
      },
      {
        "amount": 1000.00,
        "awardCode": "AUTO_AWARD_20210126_106",
        "awardDesc": "",
        "awardName": "满5000减1000可用本金券",
        "awardType": "COUPON",
        "busiCode": "AUTO_WEL_20210126_17",
        "couponInfo": {
          "amount": 1000.00,
          "couponCode": "MICRO_20210126_16",
          "couponDec": "满5000减1000可用本金券",
          "couponName": "满5000减1000可用本金券",
          "couponType": "W0002",
          "couponTypeName": "消费满减劵",
          "discount": "",
          "intDays": null,
          "intPeriod": "1",
          "limitAmount": 5000.00,
          "validDays": 5
        },
        "extraMap": null,
        "pic": "",
        "received": "N",
        "remainDays": 20,
        "totalNum": 100,
        "totalReceivedNum": 0,
        "totalRemainNum": 100,
        "validEndDate": 1613318400000,
        "validStartDate": 1609430400000
      },
      {
        "amount": 555.00,
        "awardCode": "AUTO_AWARD_20210126_107",
        "awardDesc": "",
        "awardName": "满999减555可用本金券",
        "awardType": "COUPON",
        "busiCode": "AUTO_WEL_20210126_17",
        "couponInfo": {
          "amount": 555.00,
          "couponCode": "MICRO_20210126_17",
          "couponDec": "满999减555可用本金券",
          "couponName": "满999减555可用本金券",
          "couponType": "W0002",
          "couponTypeName": "消费满减劵",
          "discount": "",
          "intDays": null,
          "intPeriod": "1",
          "limitAmount": 999.00,
          "validDays": 5
        },
        "extraMap": null,
        "pic": "",
        "received": "N",
        "remainDays": 20,
        "totalNum": 100,
        "totalReceivedNum": 0,
        "totalRemainNum": 100,
        "validEndDate": 1613318400000,
        "validStartDate": 1609430400000
      },
      {
        "amount": 15.00,
        "awardCode": "AUTO_AWARD_20210126_108",
        "awardDesc": "",
        "awardName": "满55减15可用本金券",
        "awardType": "COUPON",
        "busiCode": "AUTO_WEL_20210126_17",
        "couponInfo": {
          "amount": 15.00,
          "couponCode": "MICRO_20210126_18",
          "couponDec": "满55减15可用本金券",
          "couponName": "满55减15可用本金券",
          "couponType": "W0002",
          "couponTypeName": "消费满减劵",
          "discount": "",
          "intDays": null,
          "intPeriod": "1",
          "limitAmount": 55.00,
          "validDays": 5
        },
        "extraMap": null,
        "pic": "",
        "received": "N",
        "remainDays": 20,
        "totalNum": 100,
        "totalReceivedNum": 0,
        "totalRemainNum": 100,
        "validEndDate": 1613318400000,
        "validStartDate": 1609430400000
      },
      {
        "amount": 2.00,
        "awardCode": "AUTO_AWARD_20210126_109",
        "awardDesc": "",
        "awardName": "满8减2可用本金券",
        "awardType": "COUPON",
        "busiCode": "AUTO_WEL_20210126_17",
        "couponInfo": {
          "amount": 2.00,
          "couponCode": "MICRO_20210126_19",
          "couponDec": "满8减2可用本金券",
          "couponName": "满8减2可用本金券",
          "couponType": "W0002",
          "couponTypeName": "消费满减劵",
          "discount": "",
          "intDays": null,
          "intPeriod": "1",
          "limitAmount": 8.00,
          "validDays": 5
        },
        "extraMap": null,
        "pic": "",
        "received": "N",
        "remainDays": 20,
        "totalNum": 100,
        "totalReceivedNum": 0,
        "totalRemainNum": 100,
        "validEndDate": 1613318400000,
        "validStartDate": 1609430400000
      },
      {
        "amount": 10.00,
        "awardCode": "AUTO_AWARD_20210126_110",
        "awardDesc": "",
        "awardName": "券数量校验20210126",
        "awardType": "COUPON",
        "busiCode": "AUTO_WEL_20210126_17",
        "couponInfo": {
          "amount": 10.00,
          "couponCode": "MICRO_20210126_20",
          "couponDec": "券数量校验",
          "couponName": "券数量校验20210126",
          "couponType": "W0002",
          "couponTypeName": "消费满减劵",
          "discount": "",
          "intDays": null,
          "intPeriod": "1",
          "limitAmount": 120.00,
          "validDays": null
        },
        "extraMap": null,
        "pic": "",
        "received": "N",
        "remainDays": 5,
        "totalNum": 3,
        "totalReceivedNum": 0,
        "totalRemainNum": 3,
        "validEndDate": 1612022400000,
        "validStartDate": 1611590400000
      },
      {
        "amount": 0.00,
        "awardCode": "AUTO_AWARD_20210126_104",
        "awardDesc": "",
        "awardName": "无门槛可用本金券超级长的名称超级超级超级超级超级超级超级超级超级长长长长长长长长长",
        "awardType": "COUPON",
        "busiCode": "AUTO_WEL_20210126_17",
        "couponInfo": {
          "amount": 0.00,
          "couponCode": "MICRO_20210126_11",
          "couponDec": "无门槛可用本金券",
          "couponName": "无门槛可用本金券超级长的名称超级超级超级超级超级超级超级超级超级长长长长长长长长长",
          "couponType": "W0002",
          "couponTypeName": "消费满减劵",
          "discount": "",
          "intDays": null,
          "intPeriod": "1",
          "limitAmount": 0.00,
          "validDays": 5
        },
        "extraMap": null,
        "pic": "",
        "received": "N",
        "remainDays": 20,
        "totalNum": 100,
        "totalReceivedNum": 0,
        "totalRemainNum": 100,
        "validEndDate": 1613318400000,
        "validStartDate": 1609430400000
      }
    ],
    "quotaItems": [
      {
        "validStartDate": 1609430400000,
        "validEndDate": 1613318400000,
        "remainDays": 20,
        "awardCode": "福利code",
        "awardName": "福利名称",
        "awardType": "INTEREST_FREE_QUOTA",
        "received": "N",
        "quotaInfo": {
          "name": "免息额度",
          "code": "编码",
          "amount": "3000",
          "description": "描述"
        }
      },
      {
        "validStartDate": 1609430400000,
        "validEndDate": 1613318400000,
        "remainDays": 20,
        "awardCode": "福利code",
        "awardName": "福利名称",
        "awardType": "INTEREST_FREE_QUOTA",
        "received": "N",
        "quotaInfo": {
          "name": "免息额度",
          "code": "编码",
          "amount": "3000",
          "description": "描述"
        }
      },
      {
        "validStartDate": 1609430400000,
        "validEndDate": 1613318400000,
        "remainDays": 20,
        "awardCode": "福利code",
        "awardName": "福利名称",
        "awardType": "INTEREST_FREE_QUOTA",
        "received": "N",
        "quotaInfo": {
          "name": "免息额度",
          "code": "编码",
          "amount": "3000",
          "description": "描述"
        }
      }
    ]
  },
  "flag": "S",
  "msg": ""
}