{
	"code": "",
	"data": {
		"list": [{
      "dateCreated": 1594623284990,
      "goodsName": "3元支付红包"
    },{
      "dateCreated": 1594623284990,
      "goodsName": "3元支付红包"
    },{
      "dateCreated": 1594623284990,
      "goodsName": "3元支付红包"
    },{
      "dateCreated": 1594623284990,
      "goodsName": "3元支付红包"
    },{
      "dateCreated": 1594623284990,
      "goodsName": "3元支付红包"
    },{
      "dateCreated": 1594623284990,
      "goodsName": "3元支付红包"
    },{
      "dateCreated": 1594623284990,
      "goodsName": "3元支付红包"
    },{
      "dateCreated": 1594623284990,
      "goodsName": "5元支付红包"
    },{
      "dateCreated": 1594623284990,
      "goodsName": "5元支付红包"
    }],
    "pageNo": "10",
    "isNext": "N"
	},
	"flag": "S",
	"msg": ""
}