{
  "flag": "S",
  "code": "200",
  "msg": "",
  "data": {
    "hasNext": "N",
    "nextId": "fergt2341",
    "list": [
      {
        "date": "2021-05-02",
        "amount": "3000",
        "startDate": "2021-01-02",
        "endDate": "2021-08-02",
        "cyclePeriod": "1",
        "type": "1",
        "code": "1rfr32",
        "receiveType": "2",
        "usedDate": "2021-07-16",
        "remainAmount": "2000"
      },
      {
        "date": "2021-04-02",
        "amount": "3000",
        "startDate": "2021-01-02",
        "endDate": "2021-08-02",
        "cyclePeriod": "1",
        "type": "1",
        "code": "1rfr32",
        "receiveType": "1",
        "usedDate": "2021-06-16",
        "remainAmount": "3500"
      },
      {
        "date": "2021-02-02",
        "amount": "3000",
        "startDate": "2021-01-02",
        "endDate": "2021-08-02",
        "cyclePeriod": "1",
        "type": "2",
        "code": "1rfr32",
        "receiveType": "1",
        "usedDate": "2021-03-16",
        "remainAmount": "1500"
      },
      {
        "date": "2021-01-02",
        "amount": "3000",
        "startDate": "2021-01-02",
        "endDate": "2021-08-02",
        "cyclePeriod": "2",
        "type": "2",
        "code": "1rfr32",
        "receiveType": "1",
        "usedDate": "2021-01-16",
        "remainAmount": "1000"
      },
      {
        "date": "2020-06-02",
        "amount": "3000",
        "startDate": "2021-01-02",
        "endDate": "2021-08-02",
        "cyclePeriod": "1",
        "type": "1",
        "code": "1rfr32",
        "receiveType": "1",
        "usedDate": "2020-12-25",
        "remainAmount": "10000"
      },
      {
        "date": "2020-05-02",
        "amount": "3000",
        "startDate": "2021-01-02",
        "endDate": "2021-08-02",
        "cyclePeriod": "2",
        "type": "1",
        "code": "1rfr32",
        "receiveType": "2",
        "usedDate": "2020-07-16",
        "remainAmount": "1860"
      },
      {
        "date": "2020-04-02",
        "amount": "3000",
        "startDate": "2021-01-02",
        "endDate": "2021-08-02",
        "cyclePeriod": "1",
        "type": "2",
        "code": "1rfr32",
        "receiveType": "1",
        "usedDate": "2020-07-16",
        "remainAmount": "3600"
      },
      {
        "date": "2020-02-02",
        "amount": "3000",
        "startDate": "2021-01-02",
        "endDate": "2021-06-02",
        "cyclePeriod": "2",
        "type": "2",
        "code": "1rfr32",
        "receiveType": "1",
        "usedDate": "2020-07-16",
        "remainAmount": "1500"
      },
      {
        "date": "2020-01-02",
        "amount": "3000",
        "startDate": "2021-01-02",
        "endDate": "2021-08-02",
        "cyclePeriod": "1",
        "type": "2",
        "code": "1rfr32",
        "receiveType": "1",
        "usedDate": "2020-05-16",
        "remainAmount": "1500"
      },
      {
        "date": "2019-12-28",
        "amount": "3000",
        "startDate": "2021-01-02",
        "endDate": "2021-08-02",
        "cyclePeriod": "1",
        "type": "2",
        "code": "1rfr32",
        "receiveType": "1",
        "usedDate": "2020-03-22",
        "remainAmount": "1500"
      },
      {
        "date": "2021-05-02",
        "amount": "3000",
        "startDate": "2021-01-02",
        "endDate": "2021-08-02",
        "cyclePeriod": "1",
        "type": "1",
        "code": "1rfr32",
        "receiveType": "2",
        "usedDate": "2021-07-16",
        "remainAmount": "2000"
      },
      {
        "date": "2021-04-02",
        "amount": "3000",
        "startDate": "2021-01-02",
        "endDate": "2021-08-02",
        "cyclePeriod": "1",
        "type": "1",
        "code": "1rfr32",
        "receiveType": "1",
        "usedDate": "2021-06-16",
        "remainAmount": "3500"
      },
      {
        "date": "2021-02-02",
        "amount": "3000",
        "startDate": "2021-01-02",
        "endDate": "2021-08-02",
        "cyclePeriod": "1",
        "type": "2",
        "code": "1rfr32",
        "receiveType": "1",
        "usedDate": "2021-03-16",
        "remainAmount": "1500"
      },
      {
        "date": "2021-01-02",
        "amount": "3000",
        "startDate": "2021-01-02",
        "endDate": "2021-08-02",
        "cyclePeriod": "2",
        "type": "2",
        "code": "1rfr32",
        "receiveType": "1",
        "usedDate": "2021-01-16",
        "remainAmount": "1000"
      },
      {
        "date": "2020-06-02",
        "amount": "3000",
        "startDate": "2021-01-02",
        "endDate": "2021-08-02",
        "cyclePeriod": "1",
        "type": "1",
        "code": "1rfr32",
        "receiveType": "1",
        "usedDate": "2020-12-25",
        "remainAmount": "10000"
      },
      {
        "date": "2020-05-02",
        "amount": "3000",
        "startDate": "2021-01-02",
        "endDate": "2021-08-02",
        "cyclePeriod": "2",
        "type": "1",
        "code": "1rfr32",
        "receiveType": "2",
        "usedDate": "2020-07-16",
        "remainAmount": "1860"
      },
      {
        "date": "2020-04-02",
        "amount": "3000",
        "startDate": "2021-01-02",
        "endDate": "2021-08-02",
        "cyclePeriod": "1",
        "type": "2",
        "code": "1rfr32",
        "receiveType": "1",
        "usedDate": "2020-07-16",
        "remainAmount": "3600"
      },
      {
        "date": "2020-02-02",
        "amount": "3000",
        "startDate": "2021-01-02",
        "endDate": "2021-06-02",
        "cyclePeriod": "2",
        "type": "2",
        "code": "1rfr32",
        "receiveType": "1",
        "usedDate": "2020-07-16",
        "remainAmount": "1500"
      },
      {
        "date": "2020-01-02",
        "amount": "3000",
        "startDate": "2021-01-02",
        "endDate": "2021-08-02",
        "cyclePeriod": "1",
        "type": "2",
        "code": "1rfr32",
        "receiveType": "1",
        "usedDate": "2020-05-16",
        "remainAmount": "1500"
      },
      {
        "date": "2019-12-28",
        "amount": "3000",
        "startDate": "2021-01-02",
        "endDate": "2021-08-02",
        "cyclePeriod": "1",
        "type": "2",
        "code": "1rfr32",
        "receiveType": "1",
        "usedDate": "2020-03-22",
        "remainAmount": "1500"
      }
    ],
    "userNo": ""
  }
}
