{
  "flag": "S",
  "code": "CAFES0000",
  "msg": "请求成功",
  "data": {
    "forceTaskList": [
      {
        "businessNo": "",
        "taskGroupNo": "TG913498343085965309",
        "taskTitle": "微零花任意支付一笔",
        "taskIcon": "https://p0.ssl.qhimgs0.com/t01a0b8bfaf0f197d10.png",
        "taskGroupTag": "本周任务",
        "state": "NON",
        "forcedPush": "Y",
        "progressTag": "N",
        "progressType": null,
        "cumulativeNeedValue": null,
        "cumulativeValue": "0",
        "taskGroupType": "WEEK",
        "completeTaskComposeType": "",
        "awardList": [
          {
            "success": false,
            "offerType": "103",
            "offerName": "优惠券",
            "offerUseDesc": "微信红包劵满30-2",
            "specificAmount": "2",
            "extParam": ""
          }
        ],
        "receiveAwardUserCount": 1064339
      },
      {
        "businessNo": "",
        "taskGroupNo": "TG913498343085965314",
        "taskTitle": "微零花支付满6笔且单笔金额大于等于50元",
        "taskIcon": "https://p0.ssl.qhimgs0.com/t01a0b8bfaf0f197d10.png",
        "taskGroupTag": "本周任务",
        "state": "NON",
        "forcedPush": "Y",
        "progressTag": "Y",
        "progressType": "totalPayCount",
        "cumulativeNeedValue": "6",
        "cumulativeValue": "0",
        "taskGroupType": "WEEK",
        "completeTaskComposeType": "6",
        "awardList": null,
        "receiveAwardUserCount": 9444
      }
    ],
    "taskList": [
      {
        "businessNo": "TBN6061345779564429312",
        "taskGroupNo": "TG913498343085965302",
        "taskTitle": "绑定支付宝",
        "taskIcon": "https://p0.ssl.qhimgs0.com/t01a0b8bfaf0f197d10.png",
        "taskGroupTag": "新手任务",
        "state": "RECEIVE",
        "forcedPush": "N",
        "progressTag": "N",
        "progressType": null,
        "cumulativeNeedValue": null,
        "cumulativeValue": "0",
        "taskGroupType": "NEWER",
        "completeTaskComposeType": "",
        "awardList": [
          {
            "success": false,
            "offerType": "103",
            "offerName": "优惠券",
            "offerUseDesc": "支付满50-3",
            "specificAmount": "3",
            "extParam": ""
          }
        ],
        "receiveAwardUserCount": 1317
      },
      {
        "businessNo": "",
        "taskGroupNo": "TG913498343085965303",
        "taskTitle": "微信发红包满10元",
        "taskIcon": "https://p0.ssl.qhimgs0.com/t01a0b8bfaf0f197d10.png",
        "taskGroupTag": "新手任务",
        "state": "NON",
        "forcedPush": "N",
        "progressTag": "N",
        "progressType": null,
        "cumulativeNeedValue": null,
        "cumulativeValue": "0",
        "taskGroupType": "NEWER",
        "completeTaskComposeType": "",
        "awardList": [
          {
            "success": false,
            "offerType": "103",
            "offerName": "优惠券",
            "offerUseDesc": "1000元首期最高减免50元",
            "specificAmount": "50",
            "extParam": ""
          }
        ],
        "receiveAwardUserCount": 34074
      },
      {
        "businessNo": "",
        "taskGroupNo": "TG913498343085965304",
        "taskTitle": "美团外卖单笔满30元",
        "taskIcon": "https://p0.ssl.qhimgs0.com/t01a0b8bfaf0f197d10.png",
        "taskGroupTag": "新手任务",
        "state": "NON",
        "forcedPush": "N",
        "progressTag": "N",
        "progressType": null,
        "cumulativeNeedValue": null,
        "cumulativeValue": "0",
        "taskGroupType": "NEWER",
        "completeTaskComposeType": "",
        "awardList": [
          {
            "success": false,
            "offerType": "103",
            "offerName": "优惠券",
            "offerUseDesc": "满499-20",
            "specificAmount": "20",
            "extParam": ""
          }
        ],
        "receiveAwardUserCount": 12824
      },
      {
        "businessNo": "",
        "taskGroupNo": "TG913498343085965305",
        "taskTitle": "滴滴打车单笔满20元",
        "taskIcon": "https://p0.ssl.qhimgs0.com/t01a0b8bfaf0f197d10.png",
        "taskGroupTag": "新手任务",
        "state": "NON",
        "forcedPush": "N",
        "progressTag": "N",
        "progressType": null,
        "cumulativeNeedValue": null,
        "cumulativeValue": "0",
        "taskGroupType": "NEWER",
        "completeTaskComposeType": "",
        "awardList": [
          {
            "success": false,
            "offerType": "103",
            "offerName": "优惠券",
            "offerUseDesc": "微信红包劵30-2",
            "specificAmount": "2",
            "extParam": ""
          }
        ],
        "receiveAwardUserCount": 10651
      },
      {
        "businessNo": "",
        "taskGroupNo": "TG913498343085965306",
        "taskTitle": "微信话费充值100元",
        "taskIcon": "https://p0.ssl.qhimgs0.com/t01a0b8bfaf0f197d10.png",
        "taskGroupTag": "新手任务",
        "state": "NON",
        "forcedPush": "N",
        "progressTag": "N",
        "progressType": null,
        "cumulativeNeedValue": null,
        "cumulativeValue": "0",
        "taskGroupType": "NEWER",
        "completeTaskComposeType": "",
        "awardList": [
          {
            "success": false,
            "offerType": "103",
            "offerName": "优惠券",
            "offerUseDesc": "500元首期最高减免30元",
            "specificAmount": "30",
            "extParam": ""
          }
        ],
        "receiveAwardUserCount": 9078
      },
      {
        "businessNo": "",
        "taskGroupNo": "TG913498343085965307",
        "taskTitle": "微信转账单笔满500元",
        "taskIcon": "https://p0.ssl.qhimgs0.com/t01a0b8bfaf0f197d10.png",
        "taskGroupTag": "新手任务",
        "state": "NON",
        "forcedPush": "N",
        "progressTag": "N",
        "progressType": null,
        "cumulativeNeedValue": null,
        "cumulativeValue": "0",
        "taskGroupType": "NEWER",
        "completeTaskComposeType": "",
        "awardList": [
          {
            "success": false,
            "offerType": "103",
            "offerName": "优惠券",
            "offerUseDesc": "1000元首期最高减免80元",
            "specificAmount": "80",
            "extParam": ""
          }
        ],
        "receiveAwardUserCount": 18591
      },
      {
        "businessNo": "",
        "taskGroupNo": "TG913498343085965308",
        "taskTitle": "微信零钱充值满1000元",
        "taskIcon": "https://p0.ssl.qhimgs0.com/t01a0b8bfaf0f197d10.png",
        "taskGroupTag": "新手任务",
        "state": "NON",
        "forcedPush": "N",
        "progressTag": "N",
        "progressType": null,
        "cumulativeNeedValue": null,
        "cumulativeValue": "0",
        "taskGroupType": "NEWER",
        "completeTaskComposeType": "",
        "awardList": [
          {
            "success": false,
            "offerType": "103",
            "offerName": "优惠券",
            "offerUseDesc": "1000元首期最高减免120元",
            "specificAmount": "120",
            "extParam": ""
          }
        ],
        "receiveAwardUserCount": 17564
      },
      {
        "businessNo": "",
        "taskGroupNo": "TG913498343085965310",
        "taskTitle": "微零花支付满1笔且单笔金额大于等于20元",
        "taskIcon": "https://p0.ssl.qhimgs0.com/t01a0b8bfaf0f197d10.png",
        "taskGroupTag": "本周任务",
        "state": "NON",
        "forcedPush": "N",
        "progressTag": "N",
        "progressType": null,
        "cumulativeNeedValue": null,
        "cumulativeValue": "0",
        "taskGroupType": "WEEK",
        "completeTaskComposeType": "",
        "awardList": [
          {
            "success": false,
            "offerType": "103",
            "offerName": "优惠券",
            "offerUseDesc": "微零花信用支付满99-8",
            "specificAmount": "8",
            "extParam": ""
          }
        ],
        "receiveAwardUserCount": 19152
      },
      {
        "businessNo": "",
        "taskGroupNo": "TG913498343085965311",
        "taskTitle": "微零花支付满3笔且单笔金额大于等于30元",
        "taskIcon": "https://p0.ssl.qhimgs0.com/t01a0b8bfaf0f197d10.png",
        "taskGroupTag": "本周任务",
        "state": "NON",
        "forcedPush": "N",
        "progressTag": "Y",
        "progressType": "totalPayCount",
        "cumulativeNeedValue": "3",
        "cumulativeValue": "0",
        "taskGroupType": "WEEK",
        "completeTaskComposeType": "3",
        "awardList": [
          {
            "success": false,
            "offerType": "103",
            "offerName": "优惠券",
            "offerUseDesc": "300元首期最高减免10元",
            "specificAmount": "10",
            "extParam": ""
          }
        ],
        "receiveAwardUserCount": 12496
      },
      {
        "businessNo": "",
        "taskGroupNo": "TG913498343085965312",
        "taskTitle": "微零花消费累计满7笔",
        "taskIcon": "https://p0.ssl.qhimgs0.com/t01a0b8bfaf0f197d10.png",
        "taskGroupTag": "本周任务",
        "state": "NON",
        "forcedPush": "N",
        "progressTag": "Y",
        "progressType": "totalPayCount",
        "cumulativeNeedValue": "7",
        "cumulativeValue": "0",
        "taskGroupType": "WEEK",
        "completeTaskComposeType": "7",
        "awardList": [
          {
            "success": false,
            "offerType": "103",
            "offerName": "优惠券",
            "offerUseDesc": "微零花信用支付满50-5",
            "specificAmount": "5",
            "extParam": ""
          }
        ],
        "receiveAwardUserCount": 10808
      },
      {
        "businessNo": "",
        "taskGroupNo": "TG913498343085965313",
        "taskTitle": "微零花消费累计满1000元",
        "taskIcon": "https://p0.ssl.qhimgs0.com/t01a0b8bfaf0f197d10.png",
        "taskGroupTag": "本周任务",
        "state": "NON",
        "forcedPush": "N",
        "progressTag": "Y",
        "progressType": "totalPayAmount",
        "cumulativeNeedValue": "0",
        "cumulativeValue": "0",
        "taskGroupType": "WEEK",
        "completeTaskComposeType": "1000",
        "awardList": null,
        "receiveAwardUserCount": 13966
      },
      {
        "businessNo": "",
        "taskGroupNo": "TG6061307743317270528",
        "taskTitle": "微零花支付超过100元",
        "taskIcon": "https://p0.ssl.qhimgs0.com/t0154d8e16badefcf6a.png",
        "taskGroupTag": "",
        "state": "NON",
        "forcedPush": "N",
        "progressTag": "N",
        "progressType": null,
        "cumulativeNeedValue": null,
        "cumulativeValue": "0",
        "taskGroupType": "DAILY",
        "completeTaskComposeType": "",
        "awardList": [
          {
            "success": false,
            "offerType": "105",
            "offerName": "水分",
            "offerUseDesc": "",
            "specificAmount": "100",
            "extParam": ""
          }
        ],
        "receiveAwardUserCount": 0
      }
    ]
  },
  "requestNo": "035e3b79f95d47b9826049ab3d55b48f"
}