{
  "code": "200",
  "msg": "success",
  "flag": "S",
  "data": {
    "awardHistoryList": [
      {
        "userName": "*三",
        "offerType": "103",
        "offerName": "奖品名字",
        "specificAmount": "100"
      },
      {
        "userName": "*四",
        "offerType": "103",
        "offerName": "奖品名字",
        "specificAmount": "5"
      },
      {
        "userName": "*三四",
        "offerType": "104",
        "offerName": "奖品名字",
        "specificAmount": "30"
      }
    ]
  }
}