{
  "code": "200",
  "msg": "success",
  "flag": "S",
  "data": {
    "sign": {
      "taskTitle": "今日签到",
      "taskIcon": "https://cdn.daikuan.360.cn/pic/766c979c218ff358a5150f041583a7f4.png",
      "state": "N",
      "creditAmount": "10",
      "couponName": "2元优惠券"
    },
    "taskList": [
      {
        "businessNo": "3543532577878031",
        "taskGroupNo": "n243terdghwn32",
        "taskTitle": "今日消费一次",
        "taskIcon": "https://cdn.daikuan.360.cn/pic/766c979c218ff358a5150f041583a7f4.png",
        "state": "NON",
        "creditAmount": "30",
        "couponName": "5元红包",
        "cumulativeValue": "0",
        "completeTaskComposeType": "1"
      },
      {
        "businessNo": "3543532577878032",
        "taskGroupNo": "n243terdghwn33",
        "taskTitle": "今日消费100元以上",
        "taskIcon": "https://cdn.daikuan.360.cn/pic/766c979c218ff358a5150f041583a7f4.png",
        "state": "RECEIVE",
        "creditAmount": "20",
        "couponName": "3元红包",
        "cumulativeValue": "30",
        "completeTaskComposeType": "100",
        "progressTag": "Y"
      },
      {
        "businessNo": "3543532577878033",
        "taskGroupNo": "n243terdghwn34",
        "taskTitle": "累计消费6次",
        "taskIcon": "https://cdn.daikuan.360.cn/pic/766c979c218ff358a5150f041583a7f4.png",
        "state": "COMPLETE",
        "creditAmount": "60",
        "couponName": "7元优惠券",
        "cumulativeValue": "3",
        "completeTaskComposeType": "6",
        "progressTag": "Y"
      },
      {
        "businessNo": "3543532577878034",
        "taskGroupNo": "n243terdghwn35",
        "taskTitle": "累计消费1000元",
        "taskIcon": "https://cdn.daikuan.360.cn/pic/766c979c218ff358a5150f041583a7f4.png",
        "state": "OFFER_SUCCESS",
        "creditAmount": "100",
        "couponName": "10元红包",
        "cumulativeValue": "600",
        "completeTaskComposeType": "1000",
        "progressTag": "Y"
      },
      {
        "businessNo": "3543532577878035",
        "taskGroupNo": "n243terdghwn36",
        "taskTitle": "领奖失败",
        "taskIcon": "https://cdn.daikuan.360.cn/pic/766c979c218ff358a5150f041583a7f4.png",
        "state": "OFFER_FAIL",
        "creditAmount": "100",
        "couponName": "10元红包",
        "cumulativeValue": "600",
        "completeTaskComposeType": "1000",
        "progressTag": "Y"
      },
      {
        "businessNo": "3543532577878036",
        "taskGroupNo": "n243terdghwn37",
        "taskTitle": "领奖超时",
        "taskIcon": "https://cdn.daikuan.360.cn/pic/766c979c218ff358a5150f041583a7f4.png",
        "state": "OFFER_TIMEOUT",
        "creditAmount": "100",
        "couponName": "10元红包",
        "cumulativeValue": "6000",
        "completeTaskComposeType": "1000",
        "progressTag": "Y"
      }
    ]
  }
}