{
  "flag": "S",
  "code": "200",
  "msg": "success",
  "data": {
    "successOfferList": [
      {
        "extParam": "",
        "offerName": "3元红包",
        "offerType": "103",
        "offerUseDesc": "满50元减3元消费优惠券",
        "specificAmount": "3",
        "success": true
      },
      {
        "extParam": "",
        "offerName": "5元红包",
        "offerType": "104",
        "offerUseDesc": "满50元减3元消费优惠券",
        "specificAmount": "5",
        "success": true
      }
    ]
  }
}
