{
  "flag": "S",
  "msg": "",
  "code": "",
  "data": {
    "recResultCode": "S",
    "userStatus": "MDZ",
    "isCanDraw": "Y",
    "noCanDrawCode": "",
    "drawAwards": [
			{
				"limitUseDesc": "满100.00元减0.00元",
				"couponName": "微零花免息券-全免3期-通用20200417012",
				"discount": null,
				"refundMethodName": "",
				"dateTake": "2019-03-20",
				"spuNo": null,
				"activityCode": "ACT_201808_APS_MIANXI_65_1_NEW",
				"payType": null,
				"payMethod": null,
				"busiMsg": {},
				"couponStartTime": "2020-04-04",
				"couponStatus": "1",
				"expireDays": "1756",
				"visible": "T",
				"deductDesc": null,
				"usedrRange": null,
				"activityName": "授信通过送奖励",
				"fillAmount": "N",
				"isReceive": null,
				"isEffective": "Y",
				"couponTypeName": "消费免息劵",
				"totalAmount": "0.00",
				"couponDec": "微零花免息券-全免3期-通用20200417012",
				"usedBusiness": null,
				"validDays": null,
				"intDays": 20,
				"refundMethod": "03",
				"interestFeeRule": "A",
				"deductType": null,
				"productCodeList": [
					{
						"bytes": "[B@6b207123",
						"empty": "false"
					}
				],
				"showExpireDays": "false",
				"maxLoanAmount": null,
				"dateUsed": null,
				"selectCoupon": "N",
				"award": "",
				"deductAmt": null,
				"couponType": "W0002",
				"useDays": "2097",
				"amount": "100",
				"loanMethod": "LOAN",
				"usedScene": "DB",
				"couponNo": "e7137704824a11ebbb706c92bf05bb8d",
				"couponEndTime": "2025-12-31",
				"single": "N",
				"transactionType": null,
				"productCode": "360PAY",
				"limitAmount": "100.00",
				"couponCode": "MICRO_20200417_03",
				"intPeriod": "3",
				"loanPeriod": null,
				"discountNew": "8"
			}
    ]
  }
}