{
  "flag": "S",
  "code": "CAFES0000",
  "msg": "请求成功",
  "data": {
    "success": "Y",
    "successOfferList": [
      {
        "success": true,
        "offerType": "105",
        "offerName": "水分",
        "offerUseDesc": null,
        "specificAmount": "11",
        "extParam": null
      },
      {
        "success": true,
        "offerType": "105",
        "offerName": "水分",
        "offerUseDesc": null,
        "specificAmount": "111",
        "extParam": null
      }
    ]
  },
  "requestNo": "78ead7d5c9bc44beb9c24cfdab716f57"
}