{
  "flag": "S",
  "code": "200",
  "msg": "success",
  "data": {
    "goodList": [
      {
        "originalPrice": "总价值",
        "newPrice": "60",
        "goodsName": "商品标题1",
        "remainNum": "10",
        "receiveLimit": "10",
        "goodsNo": "GN2084854541",
        "goodsVersion": "1.0",
        "picUrl": "https://cdn.daikuan.360.cn/pic/c7f0ee2b758c0b574c41bfc2354826c6.png?max_age=2592000"
      },{
        "originalPrice": "总价值",
        "newPrice": "180",
        "goodsName": "商品标题2",
        "remainNum": "2",
        "receiveLimit": "10",
        "goodsNo": "GN2084854542",
        "goodsVersion": "1.0",
        "picUrl": "https://cdn.daikuan.360.cn/pic/c7f0ee2b758c0b574c41bfc2354826c6.png?max_age=2592000"
      },{
        "originalPrice": "总价值",
        "newPrice": "120",
        "goodsName": "商品标题3",
        "remainNum": "3",
        "receiveLimit": "10",
        "goodsNo": "GN2084854543",
        "goodsVersion": "1.0",
        "picUrl": "https://cdn.daikuan.360.cn/pic/c7f0ee2b758c0b574c41bfc2354826c6.png?max_age=2592000"
      },{
        "originalPrice": "总价值",
        "newPrice": "110",
        "goodsName": "商品标题4",
        "remainNum": "4",
        "receiveLimit": "10",
        "goodsNo": "GN2084854544",
        "goodsVersion": "1.0",
        "picUrl": "https://cdn.daikuan.360.cn/pic/c7f0ee2b758c0b574c41bfc2354826c6.png?max_age=2592000"
      }
    ]
  }
}