{
  "flag": "S",
  "code": "200",
  "msg": "",
  "data": {
    "currentDate": "2021.05.02",
    "totalInterestFreeQuota": "5000",
    "futureInterestFreeQuota": "3000",
    "list": [
      {
        "amount": "3000",
        "cyclePeriod": "1",
        "startDate": "2021-04-01",
        "endDate": "2021-05-29",
        "type": "1"
      },
      {
        "amount": "1000",
        "cyclePeriod": "2",
        "startDate": "2021-04-01",
        "endDate": "2021-05-29",
        "type": "2"
      },
      {
        "amount": "2000",
        "cyclePeriod": "1",
        "startDate": "2021-04-01",
        "endDate": "2021-05-29",
        "type": "2"
      },
      {
        "amount": "900",
        "cyclePeriod": "2",
        "startDate": "2021-04-01",
        "endDate": "2021-05-29",
        "type": "1"
      }
    ],
    "userNo": ""
  }
}
