{
  "flag": "S",
  "code": "CAFES0000",
  "msg": "请求成功",
  "data": {
    "signRecord": {
      "userNo": "UR5963836294776754176",
      "businessBelong": "i_pay",
      "title": "微零花签到",
      "version": "SS5972447418959004253",
      "cycleTime": "WEEK",
      "beginTime": "2020-12-27T16:00:00.000+0000",
      "endTime": "2021-01-02T16:00:00.000+0000",
      "todayIndex": 4,
      "signRecordDays": [
        {
          "date": "2020-12-27T16:00:00.000+0000",
          "index": 1,
          "mark": true,
          "taskSendOffers": [
            {
              "success": true,
              "offerType": "107",
              "offerName": "花花币",
              "offerUseDesc": "",
              "specificAmount": "20",
              "extParam": null,
              "extParamMap": {
                "extFlag": "N",
                "signStrategy": "CUMULATIVE"
              }
            }
          ]
        },
        {
          "date": "2020-12-28T16:00:00.000+0000",
          "index": 2,
          "mark": true,
          "taskSendOffers": [
            {
              "success": true,
              "offerType": "107",
              "offerName": "花花币",
              "offerUseDesc": "",
              "specificAmount": "25",
              "extParam": null,
              "extParamMap": {
                "extFlag": "N",
                "signStrategy": "CUMULATIVE"
              }
            },
            {
              "success": true,
              "offerType": "107",
              "offerName": "+25花花币",
              "offerUseDesc": "额外获得25个花花币",
              "specificAmount": "25",
              "extParam": null,
              "extParamMap": {
                "extFlag": "Y",
                "signStrategy": "CUMULATIVE"
              }
            }
          ]
        },
        {
          "date": "2020-12-29T16:00:00.000+0000",
          "index": 3,
          "mark": true,
          "taskSendOffers": [
            {
              "success": true,
              "offerType": "107",
              "offerName": "花花币",
              "offerUseDesc": "",
              "specificAmount": "50",
              "extParam": null,
              "extParamMap": {
                "extFlag": "N",
                "signStrategy": "CUMULATIVE"
              }
            }
          ]
        },
        {
          "date": "2020-12-30T16:00:00.000+0000",
          "index": 4,
          "mark": false,
          "taskSendOffers": [
            {
              "success": true,
              "offerType": "107",
              "offerName": "花花币",
              "offerUseDesc": "",
              "specificAmount": "30",
              "extParam": null,
              "extParamMap": {
                "extFlag": "N",
                "signStrategy": "CUMULATIVE"
              }
            },
            {
              "success": true,
              "offerType": "103",
              "offerName": "5元劵",
              "offerUseDesc": "额外获得微信支付5元优惠券（满99元可用）",
              "specificAmount": "5",
              "extParam": null,
              "extParamMap": {
                "extFlag": "Y",
                "signStrategy": "CUMULATIVE"
              }
            }
          ]
        },
        {
          "date": "2020-12-31T16:00:00.000+0000",
          "index": 5,
          "mark": false,
          "taskSendOffers": [
            {
              "success": false,
              "offerType": "107",
              "offerName": "花花币",
              "offerUseDesc": "",
              "specificAmount": "50",
              "extParam": null,
              "extParamMap": {
                "extFlag": "N",
                "signStrategy": "CUMULATIVE"
              }
            }
          ]
        },
        {
          "date": "2021-01-01T16:00:00.000+0000",
          "index": 6,
          "mark": false,
          "taskSendOffers": [
            {
              "success": false,
              "offerType": "107",
              "offerName": "花花币",
              "offerUseDesc": "",
              "specificAmount": "35",
              "extParam": null,
              "extParamMap": {
                "extFlag": "N",
                "signStrategy": "CUMULATIVE"
              }
            }
          ]
        },
        {
          "date": "2021-01-02T16:00:00.000+0000",
          "index": 7,
          "mark": false,
          "taskSendOffers": [
            {
              "success": false,
              "offerType": "107",
              "offerName": "花花币",
              "offerUseDesc": "",
              "specificAmount": "100",
              "extParam": null,
              "extParamMap": {
                "extFlag": "N",
                "signStrategy": "CUMULATIVE"
              }
            },
            {
              "success": false,
              "offerType": "103",
              "offerName": "首期免息券",
              "offerUseDesc": "额外获得首期免息优惠劵（1000元减120）",
              "specificAmount": "120",
              "extParam": null,
              "extParamMap": {
                "extFlag": "Y",
                "signStrategy": "CUMULATIVE"
              }
            }
          ]
        }
      ],
      "signStatisticPresent": {
        "userNo": "UR5963836294776754176",
        "businessBelong": "i_pay",
        "lastSignDate": "2020-12-30T16:00:00.000+0000",
        "signTotal": 3,
        "signContinuousDays": 4
      },
      "signStatisticHistory": {
        "userNo": "UR5963836294776754176",
        "businessBelong": "i_pay",
        "lastSignDate": "2020-12-30T16:00:00.000+0000",
        "signTotal": 4,
        "signContinuousDays": 4
      }
    },
    "signSetting": {
      "doubleTag": false,
      "advChannelAndroid": null,
      "advChannelIOS": null,
      "signBackground": "https://p0.ssl.qhimgs0.com/t01e82fd0a875636e3a.png",
      "signAwardSettings": [
        {
          "signDay": 1,
          "signStrategy": "CUMULATIVE",
          "awardType": "107",
          "name": "花花币",
          "amount": 20,
          "desc": "",
          "pic": null,
          "extParamMap": {
            "extFlag": "N"
          }
        },
        {
          "signDay": 2,
          "signStrategy": "CUMULATIVE",
          "awardType": "107",
          "name": "花花币",
          "amount": 25,
          "desc": "",
          "pic": null,
          "extParamMap": {
            "extFlag": "N"
          }
        },
        {
          "signDay": 2,
          "signStrategy": "CUMULATIVE",
          "awardType": "107",
          "name": "+25花花币",
          "amount": 25,
          "desc": "额外获得25个花花币",
          "pic": null,
          "extParamMap": {
            "extFlag": "Y"
          }
        },
        {
          "signDay": 3,
          "signStrategy": "CUMULATIVE",
          "awardType": "107",
          "name": "花花币",
          "amount": 50,
          "desc": "",
          "pic": null,
          "extParamMap": {
            "extFlag": "N"
          }
        },
        {
          "signDay": 4,
          "signStrategy": "CUMULATIVE",
          "awardType": "107",
          "name": "花花币",
          "amount": 30,
          "desc": "",
          "pic": null,
          "extParamMap": {
            "extFlag": "N"
          }
        },
        {
          "signDay": 4,
          "signStrategy": "CUMULATIVE",
          "awardType": "103",
          "name": "5元劵",
          "amount": 5,
          "desc": "额外获得微信支付5元优惠券（满99元可用）",
          "pic": null,
          "extParamMap": {
            "extFlag": "Y"
          }
        },
        {
          "signDay": 5,
          "signStrategy": "CUMULATIVE",
          "awardType": "107",
          "name": "花花币",
          "amount": 50,
          "desc": "",
          "pic": null,
          "extParamMap": {
            "extFlag": "N"
          }
        },
        {
          "signDay": 6,
          "signStrategy": "CUMULATIVE",
          "awardType": "107",
          "name": "花花币",
          "amount": 35,
          "desc": "",
          "pic": null,
          "extParamMap": {
            "extFlag": "N"
          }
        },
        {
          "signDay": 7,
          "signStrategy": "CUMULATIVE",
          "awardType": "107",
          "name": "花花币",
          "amount": 100,
          "desc": "",
          "pic": null,
          "extParamMap": {
            "extFlag": "N"
          }
        },
        {
          "signDay": 7,
          "signStrategy": "CUMULATIVE",
          "awardType": "103",
          "name": "首期免息券",
          "amount": 120,
          "desc": "额外获得首期免息优惠劵（1000元减120）",
          "pic": null,
          "extParamMap": {
            "extFlag": "Y"
          }
        }
      ]
    }
  },
  "requestNo": "5c045a1141d44e06ba6627a3af927918"
}