{
  "msg": "",
  "code": "",
  "flag": "S",
  "data": {
    "list": [
      {
        "rank": 1,
        "userName": "测试01",
        "phone": "13212312312",
        "amount": 100,
        "status": 0,
        "pic": "//cdn.daikuan.360.cn/pic/5ff18d5b0ad74fb783ef1947862aa785.png?max-age=2592000"
      },{
        "rank": 2,
        "userName": "测试01",
        "phone": "13212312312",
        "amount": 1003.9,
        "status": 1,
        "pic": "//cdn.daikuan.360.cn/pic/5ff18d5b0ad74fb783ef1947862aa785.png?max-age=2592000"
      },{
        "rank": 3,
        "userName": "测试01",
        "phone": "13212312312",
        "amount": 100,
        "status": 2,
        "pic": "//cdn.daikuan.360.cn/pic/5ff18d5b0ad74fb783ef1947862aa785.png?max-age=2592000"
      },{
        "rank": 4,
        "userName": "测试01",
        "phone": "13212312312",
        "amount": 100,
        "status": 3,
        "pic": "//cdn.daikuan.360.cn/pic/5ff18d5b0ad74fb783ef1947862aa785.png?max-age=2592000"
      }
    ],
    "period": 2,
    "startDate": 1627398107000,
    "endDate": 1627398107000,
    "batchNumber": "123",
    "preBatchNumber": "",
    "nextBatchNumber": "234"
  }
}