{
  "flag": "S",
  "code": "",
  "msg": "",
  "data": {
    "cashBackNum": 12,
    "unUseCouponTotalAmount": "388",
    "hasNext": "",
    "nextId": "",
    "userDrawAwards": [
      {
				"limitUseDesc": "满100.00元减0.00元",
				"couponName": "微零花免息券-全免3期-通用20200417012",
				"discount": null,
				"refundMethodName": "",
				"dateTake": "2019-03-20",
				"spuNo": null,
				"activityCode": "ACT_201808_APS_MIANXI_65_1_NEW",
				"payType": null,
				"payMethod": null,
				"busiMsg": {},
				"couponStartTime": "2020-04-04",
				"couponStatus": "1",
				"expireDays": "1756",
				"visible": "T",
				"deductDesc": null,
				"usedrRange": null,
				"activityName": "授信通过送奖励",
				"fillAmount": "N",
				"isReceive": null,
				"isEffective": "Y",
				"couponTypeName": "消费免息劵",
				"totalAmount": "0.00",
				"couponDec": "微零花免息券-全免3期-通用20200417012",
				"usedBusiness": null,
				"validDays": null,
				"intDays": 8,
				"refundMethod": "03",
				"interestFeeRule": "A",
				"deductType": null,
				"productCodeList": [
					{
						"bytes": "[B@59dddd04",
						"empty": "false"
					}
				],
				"showExpireDays": "false",
				"maxLoanAmount": null,
				"dateUsed": null,
				"selectCoupon": "N",
				"award": "",
				"deductAmt": null,
				"couponType": "00211",
				"useDays": "2097",
				"amount": "0.00",
				"loanMethod": "LOAN",
				"usedScene": "DB",
				"couponNo": "e849e423824a11ebbb706c92bf05bb8d",
				"couponEndTime": "2025-12-31",
				"single": "N",
				"transactionType": null,
				"productCode": "360PAY",
				"limitAmount": "100.00",
				"couponCode": "MICRO_20200417_03",
				"intPeriod": "3",
				"loanPeriod": null,
				"discountNew": 8
			},
      {
				"limitUseDesc": "满100.00元减0.00元",
				"couponName": "微零花免息券-全免3期-通用20200417012",
				"discount": null,
				"refundMethodName": "",
				"dateTake": "2019-03-20",
				"spuNo": null,
				"activityCode": "ACT_201808_APS_MIANXI_65_1_NEW",
				"payType": null,
				"payMethod": null,
				"busiMsg": {},
				"couponStartTime": "2020-04-04",
				"couponStatus": "1",
				"expireDays": "1756",
				"visible": "T",
				"deductDesc": null,
				"usedrRange": null,
				"activityName": "授信通过送奖励",
				"fillAmount": "N",
				"isReceive": null,
				"isEffective": "Y",
				"couponTypeName": "消费免息劵",
				"totalAmount": "0.00",
				"couponDec": "微零花免息券-全免3期-通用20200417012",
				"usedBusiness": null,
				"validDays": null,
				"intDays": null,
				"refundMethod": "03",
				"interestFeeRule": "A",
				"deductType": null,
				"productCodeList": [
					{
						"bytes": "[B@59dddd04",
						"empty": "false"
					}
				],
				"showExpireDays": "false",
				"maxLoanAmount": null,
				"dateUsed": null,
				"selectCoupon": "N",
				"award": "",
				"deductAmt": null,
				"couponType": "W0003",
				"useDays": "2097",
				"amount": "0.00",
				"loanMethod": "LOAN",
				"usedScene": "DB",
				"couponNo": "e849e423824a11ebbb706c92bf05bb8d",
				"couponEndTime": "2025-12-31",
				"single": "N",
				"transactionType": null,
				"productCode": "360PAY",
				"limitAmount": "100.00",
				"couponCode": "MICRO_20200417_03",
				"intPeriod": "3",
				"loanPeriod": null
			},
      {
				"limitUseDesc": "满100.00元减0.00元",
				"couponName": "微零花免息券-全免3期-通用20200417012",
				"discount": null,
				"refundMethodName": "",
				"dateTake": "2019-03-20",
				"spuNo": null,
				"activityCode": "ACT_201808_APS_MIANXI_65_1_NEW",
				"payType": null,
				"payMethod": null,
				"busiMsg": {},
				"couponStartTime": "2020-04-04",
				"couponStatus": "1",
				"expireDays": "1756",
				"visible": "T",
				"deductDesc": null,
				"usedrRange": null,
				"activityName": "授信通过送奖励",
				"fillAmount": "N",
				"isReceive": null,
				"isEffective": "Y",
				"couponTypeName": "消费免息劵",
				"totalAmount": "0.00",
				"couponDec": "微零花免息券-全免3期-通用20200417012",
				"usedBusiness": null,
				"validDays": null,
				"intDays": null,
				"refundMethod": "03",
				"interestFeeRule": "A",
				"deductType": null,
				"productCodeList": [
					{
						"bytes": "[B@59dddd04",
						"empty": "false"
					}
				],
				"showExpireDays": "false",
				"maxLoanAmount": null,
				"dateUsed": null,
				"selectCoupon": "N",
				"award": "",
				"deductAmt": null,
				"couponType": "W0003",
				"useDays": "2097",
				"amount": "0.00",
				"loanMethod": "LOAN",
				"usedScene": "DB",
				"couponNo": "e849e423824a11ebbb706c92bf05bb8d",
				"couponEndTime": "2025-12-31",
				"single": "N",
				"transactionType": null,
				"productCode": "360PAY",
				"limitAmount": "100.00",
				"couponCode": "MICRO_20200417_03",
				"intPeriod": "3",
				"loanPeriod": null
			},
			{
				"limitUseDesc": "满100.00元减0.00元",
				"couponName": "微零花免息券-全免3期-通用20200417012",
				"discount": null,
				"refundMethodName": "",
				"dateTake": "2019-03-20",
				"spuNo": null,
				"activityCode": "ACT_201808_APS_MIANXI_65_1_NEW",
				"payType": null,
				"payMethod": null,
				"busiMsg": {},
				"couponStartTime": "2020-04-04",
				"couponStatus": "2",
				"expireDays": "1756",
				"visible": "T",
				"deductDesc": null,
				"usedrRange": null,
				"activityName": "授信通过送奖励",
				"fillAmount": "N",
				"isReceive": null,
				"isEffective": "Y",
				"couponTypeName": "消费免息劵",
				"totalAmount": "0.00",
				"couponDec": "微零花免息券-全免3期-通用20200417012",
				"usedBusiness": null,
				"validDays": null,
				"intDays": null,
				"refundMethod": "03",
				"interestFeeRule": "A",
				"deductType": null,
				"productCodeList": [
					{
						"bytes": "[B@6b207123",
						"empty": "false"
					}
				],
				"showExpireDays": "false",
				"maxLoanAmount": null,
				"dateUsed": null,
				"selectCoupon": "N",
				"award": "",
				"deductAmt": null,
				"couponType": "W0003",
				"useDays": "2097",
				"amount": "0.00",
				"loanMethod": "LOAN",
				"usedScene": "DB",
				"couponNo": "e7137704824a11ebbb706c92bf05bb8d",
				"couponEndTime": "2025-12-31",
				"single": "N",
				"transactionType": null,
				"productCode": "360PAY",
				"limitAmount": "100.00",
				"couponCode": "MICRO_20200417_03",
				"intPeriod": "3",
				"loanPeriod": null
			},
			{
				"limitUseDesc": "满50.00元减10.00元",
				"couponName": "微零花本金券通用20200417",
				"discount": null,
				"refundMethodName": "",
				"dateTake": "2019-03-20",
				"spuNo": null,
				"activityCode": "ACT_201808_APS_MIANXI_65_1_NEW",
				"payType": null,
				"payMethod": null,
				"busiMsg": {},
				"couponStartTime": "2020-04-04",
				"couponStatus": "3",
				"expireDays": "1756",
				"visible": "T",
				"deductDesc": null,
				"usedrRange": null,
				"activityName": "授信通过送奖励",
				"fillAmount": "N",
				"isReceive": null,
				"isEffective": "Y",
				"couponTypeName": "消费满减劵",
				"totalAmount": "10.00",
				"couponDec": "微零花本金券通用20200417",
				"usedBusiness": null,
				"validDays": null,
				"intDays": null,
				"refundMethod": "03",
				"interestFeeRule": "A",
				"deductType": null,
				"productCodeList": [
					{
						"bytes": "[B@4e2e5bb7",
						"empty": "false"
					}
				],
				"showExpireDays": "false",
				"maxLoanAmount": null,
				"dateUsed": null,
				"selectCoupon": "N",
				"award": "",
				"deductAmt": null,
				"couponType": "W0002",
				"useDays": "2097",
				"amount": "10.00",
				"loanMethod": "LOAN",
				"usedScene": "DB",
				"couponNo": "b0b302ef824a11ebbb706c92bf05bb8d",
				"couponEndTime": "2025-12-31",
				"single": "N",
				"transactionType": null,
				"productCode": "360PAY",
				"limitAmount": "50.00",
				"couponCode": "MICRO_20200417_01",
				"intPeriod": "1",
				"loanPeriod": null
			},
			{
				"limitUseDesc": "满50.00元减10.00元",
				"couponName": "微零花本金券通用20200417",
				"discount": null,
				"refundMethodName": "",
				"dateTake": "2019-03-20",
				"spuNo": null,
				"activityCode": "ACT_201808_APS_MIANXI_65_1_NEW",
				"payType": null,
				"payMethod": null,
				"busiMsg": {},
				"couponStartTime": "2020-04-04",
				"couponStatus": "1",
				"expireDays": "1756",
				"visible": "T",
				"deductDesc": null,
				"usedrRange": null,
				"activityName": "授信通过送奖励",
				"fillAmount": "N",
				"isReceive": null,
				"isEffective": "Y",
				"couponTypeName": "消费满减劵",
				"totalAmount": "10.00",
				"couponDec": "微零花本金券通用20200417",
				"usedBusiness": null,
				"validDays": null,
				"intDays": null,
				"refundMethod": "03",
				"interestFeeRule": "A",
				"deductType": null,
				"productCodeList": [
					{
						"bytes": "[B@731c2fd2",
						"empty": "false"
					}
				],
				"showExpireDays": "false",
				"maxLoanAmount": null,
				"dateUsed": null,
				"selectCoupon": "N",
				"award": "",
				"deductAmt": null,
				"couponType": "W0002",
				"useDays": "2097",
				"amount": "10.00",
				"loanMethod": "LOAN",
				"usedScene": "DB",
				"couponNo": "a9d6d42a824a11ebbb706c92bf05bb8d",
				"couponEndTime": "2025-12-31",
				"single": "N",
				"transactionType": null,
				"productCode": "360PAY",
				"limitAmount": "50.00",
				"couponCode": "MICRO_20200417_01",
				"intPeriod": "1",
				"loanPeriod": null
			},
			{
				"limitUseDesc": null,
				"couponName": "永久本金券10减5-微零花",
				"discount": null,
				"refundMethodName": null,
				"dateTake": "2019-03-20",
				"spuNo": null,
				"activityCode": "ACT_201808_APS_MIANXI_65_1_NEW",
				"payType": null,
				"payMethod": null,
				"busiMsg": {},
				"couponStartTime": "2020-04-04",
				"couponStatus": "1",
				"expireDays": "1756",
				"visible": null,
				"deductDesc": null,
				"usedrRange": null,
				"activityName": null,
				"fillAmount": null,
				"isReceive": null,
				"isEffective": "Y",
				"couponTypeName": null,
				"totalAmount": null,
				"couponDec": null,
				"usedBusiness": null,
				"validDays": null,
				"intDays": null,
				"refundMethod": null,
				"interestFeeRule": null,
				"deductType": null,
				"productCodeList": null,
				"showExpireDays": "false",
				"maxLoanAmount": null,
				"dateUsed": null,
				"selectCoupon": null,
				"award": "",
				"deductAmt": null,
				"couponType": "W0002",
				"useDays": "2097",
				"amount": null,
				"loanMethod": null,
				"usedScene": "DB",
				"couponNo": "6638ec7d824a11ebbb706c92bf05bb8d",
				"couponEndTime": "2025-12-31",
				"single": "N",
				"transactionType": null,
				"productCode": null,
				"limitAmount": null,
				"couponCode": "MICRO_20200728_01",
				"intPeriod": null,
				"loanPeriod": null
			}
    ],
    "totalCouponNum": 1,
    "unUseCouponNum": 2,
    "useCouponNum": 3,
    "expireCouponNum": 4,
    "pageNo": "",
    "isNext": "Y",
    "count": "",
    "pageSize": "",
    "pageCount": ""
  }
}