{
  "flag": "S",
  "code": "200",
  "msg": "",
  "data": {
    "cyclePeriod": "1",
    "description": "订单满30元自动抵扣1元",
    "expireDate": "2021-12-01",
    "futureInterestFreeQuota": 3000,
    "payMethodName": "限美团/饿了么APP使用",
    "payTypeName": "限微信支付",
    "quotaSwitch": "1",
    "remainInterestFreeQuota": 2000,
    "totalInterestFreeQuota": 5000,
    "transactionTypeName": "限信用消费",
    "type": "2",
    "userNo": "xxxx",
    "payType": "1",
    "futureEffectiveDate": "2021-12-01"
  }
}
