{
  "flag": "S",
  "code": "200",
  "msg": "",
  "data": {
    "deductAmount": 3000,
    "remainNum": 8,
    "coupon": {
      "amount": "3600",
      "couponType": "W0003",
      "couponStatus": "",
      "couponName": "微零花消费20元抵扣券",
      "couponDec": "满100可用满100可用满100可用满100可用满100可用满100可用满100可用",
      "couponStartTime": "",
      "couponEndTime": "",
      "couponCode": "",
      "couponNo": "",
      "showExpireDays": true,
      "expireDays": 1,
      "limitAmount": 100,
      "loanPeriod": "",
      "intPeriod": "12",
      "totalAmount": 1,
      "validDays": 1,
      "interestFeeRule": "",
      "payMethodName": "",
      "transactionTypeName": "",
      "payTypeName": "",
      "dayMaxUseNum": 1,
      "weekMaxUseNum": 1,
      "couponStartTimeStamp": 1,
      "couponEndTimeStamp": 1
    }
  }
}