{
  "code": "BMMS100",
  "data": {
    "couponDomain": {
      "couponList": [
        {
          "activityCode": "ACT_MICRO_OPEN_CARD2",
          "activityName": "微零花开卡礼",
          "amount": 10.00,
          "award": "",
          "busiMsg": {},
          "couponCode": "MICRO_20200113_02",
          "couponDec": "1）本劵仅限微零花订单使用\n2）微信使用微零花卡发红包满11元，立减10元本金\n3）不限分期期数\n4）优惠劵用户消费后，立即扣减此订单本金使用\n5）若订单发生退款，则该劵优惠不予退回",
          "couponEndTime": "2021-04-23",
          "couponEndTimeStamp": 1619107200000,
          "couponName": "微信发红包微",
          "couponNo": "2358dae277084819a627d257d8b67a09",
          "couponStartTime": "2021-03-24",
          "couponStartTimeStamp": 1616515200000,
          "couponStatus": "1",
          "couponType": "W0002",
          "couponTypeName": "消费满减劵",
          "dateTake": 1616565339000,
          "dateUsed": null,
          "dayMaxUseNum": null,
          "deductAmt": null,
          "deductDesc": "",
          "deductType": "",
          "discount": "",
          "expireDays": 2,
          "fillAmount": "N",
          "intDays": "",
          "intPeriod": "1",
          "interestFeeRule": "A",
          "isEffective": "Y",
          "isReceive": "",
          "limitAmount": 11.00,
          "limitUseDesc": "满11.00元减10.00元",
          "loanMethod": "LOAN",
          "loanPeriod": "",
          "maxLoanAmount": null,
          "payMethod": "wechat_red_packet",
          "payMethodName": "微信红包",
          "payType": "",
          "payTypeName": "",
          "productCode": "360PAY",
          "productCodeList": [
            "360PAY"
          ],
          "refundMethod": "03",
          "refundMethodName": "",
          "selectCoupon": "N",
          "showExpireDays": true,
          "single": "N",
          "spuNo": "",
          "totalAmount": 10.00,
          "transactionType": "",
          "transactionTypeName": "",
          "useDays": "30",
          "usedBusiness": "",
          "usedScene": "DB",
          "usedrRange": null,
          "validDays": 30,
          "visible": "T",
          "weekMaxUseNum": null
        },
        {
          "activityCode": "ACT_MICRO_OPEN_CARD2",
          "activityName": "微零花开卡礼",
          "amount": null,
          "award": "",
          "busiMsg": {},
          "couponCode": "MICRO_20200113_01",
          "couponDec": "1）本劵仅限微零花订单使用\n2）微信或支付宝使用微零花消费满30元，立减5元本金\n3）不限分期期数\n4）优惠劵用户消费后，立即扣减此订单本金使用\n5）若订单发生退款，则该劵优惠不予退回",
          "couponEndTime": "2021-04-23",
          "couponEndTimeStamp": 1619107200000,
          "couponName": "微信支付微信支付微信支付微信支付微信支付微信支付微信支付微信支付微信支付",
          "couponNo": "800860209b9741bb9325b713f2ed2119",
          "couponStartTime": "2021-03-24",
          "couponStartTimeStamp": 1616515200000,
          "couponStatus": "1",
          "couponType": "W0003",
          "couponTypeName": "消费满减劵",
          "dateTake": 1616565339000,
          "dateUsed": null,
          "dayMaxUseNum": null,
          "deductAmt": null,
          "deductDesc": "",
          "deductType": "",
          "discount": "",
          "expireDays": 30,
          "fillAmount": "N",
          "intDays": "",
          "intPeriod": "1",
          "interestFeeRule": "A",
          "isEffective": "Y",
          "isReceive": "",
          "limitAmount": 30.00,
          "limitUseDesc": "满30.00元减5.00元",
          "loanMethod": "LOAN",
          "loanPeriod": "",
          "maxLoanAmount": null,
          "payMethod": "normal_consume",
          "payMethodName": "消费类其他",
          "payType": "",
          "payTypeName": "",
          "productCode": "360PAY",
          "productCodeList": [
            "360PAY"
          ],
          "refundMethod": "03",
          "refundMethodName": "",
          "selectCoupon": "N",
          "showExpireDays": false,
          "single": "N",
          "spuNo": "",
          "totalAmount": 5.00,
          "transactionType": "",
          "transactionTypeName": "",
          "useDays": "30",
          "usedBusiness": "",
          "usedScene": "DB",
          "usedrRange": null,
          "validDays": 30,
          "visible": "T",
          "weekMaxUseNum": null
        },
        {
          "activityCode": "ACT_MICRO_OPEN_CARD2",
          "activityName": "微零花开卡礼",
          "amount": 5.00,
          "award": "",
          "busiMsg": {},
          "couponCode": "MICRO_20200113_01",
          "couponDec": "1）本劵仅限微零花订单使用\n2）微信或支付宝使用微零花消费满30元，立减5元本金\n3）不限分期期数\n4）优惠劵用户消费后，立即扣减此订单本金使用\n5）若订单发生退款，则该劵优惠不予退回",
          "couponEndTime": "2021-04-23",
          "couponEndTimeStamp": 1619107200000,
          "couponName": "微信支付微信支付微信支付微信支付微信支付微信支付微信支付微信支付微信支付微信支付微信支付微信支付",
          "couponNo": "800860209b9741bb9325b713f2ed2119",
          "couponStartTime": "2021-03-24",
          "couponStartTimeStamp": 1616515200000,
          "couponStatus": "1",
          "couponType": "W0002",
          "couponTypeName": "消费满减劵",
          "dateTake": 1616565339000,
          "dateUsed": null,
          "dayMaxUseNum": null,
          "deductAmt": null,
          "deductDesc": "",
          "deductType": "",
          "discount": "",
          "expireDays": 30,
          "fillAmount": "N",
          "intDays": "",
          "intPeriod": "1",
          "interestFeeRule": "A",
          "isEffective": "Y",
          "isReceive": "",
          "limitAmount": 30.00,
          "limitUseDesc": "满30.00元减5.00元",
          "loanMethod": "LOAN",
          "loanPeriod": "",
          "maxLoanAmount": null,
          "payMethod": "normal_consume",
          "payMethodName": "消费类其他",
          "payType": "",
          "payTypeName": "",
          "productCode": "360PAY",
          "productCodeList": [
            "360PAY"
          ],
          "refundMethod": "03",
          "refundMethodName": "",
          "selectCoupon": "N",
          "showExpireDays": false,
          "single": "N",
          "spuNo": "",
          "totalAmount": 5.00,
          "transactionType": "",
          "transactionTypeName": "",
          "useDays": "30",
          "usedBusiness": "",
          "usedScene": "DB",
          "usedrRange": null,
          "validDays": 30,
          "visible": "T",
          "weekMaxUseNum": null
        }
      ],
      "remainNum": 0,
      "totalNum": 2
    },
    "isCanJoin": "N",
    "isReceiveOpenCard": "N",
    "totalNum": 0,
    "welfareItems": null
  },
  "flag": "S",
  "msg": "请求成功"
}