{
  "flag": "S",
  "code": "CAFES0000",
  "msg": "请求成功",
  "data": {
    "goodList": [{
      "originalPrice": 888,
      "newPrice": 88,
      "goodsName": "三种同样的券测试",
      "picUrl": "https://p0.ssl.qhimgs0.com/t01dcc4aae56ae7b840.jpeg",
      "miniPicUrl": null,
      "remainNum": 887,
      "receiveLimit": 888,
      "goodsNo": "CG6004812492293820416",
      "goodsVersion": 0,
      "goodsType": "COUPON_BAG",
      "inMonth": null
    }, {
      "originalPrice": 100,
      "newPrice": 1,
      "goodsName": "普通的礼包兑换",
      "picUrl": "https://p0.ssl.qhimgs0.com/t01107ac052e66d1a52.png",
      "miniPicUrl": null,
      "remainNum": 20,
      "receiveLimit": 20,
      "goodsNo": "CG6004422114482855936",
      "goodsVersion": 0,
      "goodsType": "COUPON_BAG",
      "inMonth": null
    }, {
      "originalPrice": 500,
      "newPrice": 1,
      "goodsName": "普通优惠券礼包兑换",
      "picUrl": "https://p0.ssl.qhimgs0.com/t0106411b0ddfb3c4bb.png",
      "miniPicUrl": null,
      "remainNum": 25,
      "receiveLimit": 25,
      "goodsNo": "CG6004447544740945920",
      "goodsVersion": 0,
      "goodsType": "COUPON_BAG",
      "inMonth": null
    }, {
      "originalPrice": 600,
      "newPrice": 2,
      "goodsName": "高级优惠券礼包",
      "picUrl": "https://p0.ssl.qhimgs0.com/t01b3dfb235abbe390d.png",
      "miniPicUrl": null,
      "remainNum": 27,
      "receiveLimit": 30,
      "goodsNo": "CG6004448018164621312",
      "goodsVersion": 0,
      "goodsType": "COUPON_BAG",
      "inMonth": null
    }, {
      "originalPrice": 560,
      "newPrice": 1,
      "goodsName": "商品每天兑换耗尽测试",
      "picUrl": "https://p0.ssl.qhimgs0.com/t0106411b0ddfb3c4bb.png",
      "miniPicUrl": null,
      "remainNum": 0,
      "receiveLimit": 1,
      "goodsNo": "CG6004473487148720128",
      "goodsVersion": 0,
      "goodsType": "COUPON_BAG",
      "inMonth": null
    }, {
      "originalPrice": 900,
      "newPrice": 1,
      "goodsName": "总库存测试",
      "picUrl": "https://p0.ssl.qhimgs0.com/t0106411b0ddfb3c4bb.png",
      "miniPicUrl": null,
      "remainNum": 1,
      "receiveLimit": 3,
      "goodsNo": "CG6004478594322014208",
      "goodsVersion": 0,
      "goodsType": "COUPON_BAG",
      "inMonth": null
    }]
  },
  "requestNo": "eb66c6e911ee40bd8541063581153461"
}
