{
  "flag": "S",
  "code": "200",
  "msg": "success",
  "data": {
    "sign": {
      "taskImage": "",
      "taskName": "每日签到",
      "taskPrize": "200",
      "taskStatus": "N"
    },
    "task": [
      {
        "bizNo": "123",
        "taskImage": "",
        "taskName": "消费累积20元",
        "taskPrize": 20,
        "taskStatus": 0
      },
      {
        "bizNo": "123",
        "taskImage": "",
        "taskName": "消费累积20元消费累积20元消费累积20元消费累积20元消费累积20元",
        "taskPrize": 300,
        "taskStatus": 0
      },
      {
        "bizNo": "123",
        "taskImage": "",
        "taskName": "消费累积100元",
        "taskPrize": 500,
        "taskStatus": 2
      },
      {
        "bizNo": "123",
        "taskImage": "",
        "taskName": "消费累积20元",
        "taskPrize": 1000,
        "taskStatus": 3
      },
      {
        "bizNo": "123",
        "taskImage": "",
        "taskName": "消费累积20元",
        "taskPrize": 1000,
        "taskStatus": 3
      }
    ]
  }
}
