{
  "flag": "S",
  "code": "",
  "msg": "",
  "data": {
    "actStartDate": 1,
    "actEndDate": 1,
    "totalDrawTimes": 11,
    "remainDrawTimes": 1,
    "usedDrawTimes": 0,
    "outActCode": "outActCode",
    "outBusiCode": "outBusiCode",
    "drawLimitAmount": "18",
    "microDiscount": "1.1",
    "discountType": "WLHD",
    "userStatus": "MDZ",
    "wheels": [
      {
        "mobileNum": "130****1111",
        "wheelAwardName": "20元微信支付券",
        "timeMinute": 1
      },
      {
        "mobileNum": "130****2222",
        "wheelAwardName": "30元微信支付券",
        "timeMinute": 2
      }
    ]
  }
}