{
  "flag": "S",
  "code": "200",
  "msg": "success",
  "data": [
      {
        "num": "10",
        "couponType": "首期免息期",
        "couponName": "首期免息期首期免息期首期免息期首期免息期首期免息期",
        "amount": "1",
        "limitAmount": "200"
      },
      {
        "num": "10",
        "couponType": "满减券",
        "couponName": "首期免息期首期免息期首期免息期首期免息期首期免息期",
        "amount": "6",
        "limitAmount": "300"
      },
      {
        "num": "10",
        "couponType": "首期免息期",
        "amount": "4",
        "limitAmount": "500"
      },
    {
      "num": "10",
      "couponType": "首期免息期",
      "amount": "4",
      "limitAmount": "500"
    },
    {
      "num": "10",
      "couponType": "首期免息期",
      "amount": "4",
      "limitAmount": "500"
    },
    {
      "num": "10",
      "couponType": "首期免息期",
      "amount": "4",
      "limitAmount": "500"
    }
    ]
}
