{
  "flag": "S",
  "code": "CAFES0000",
  "msg": "请求成功",
  "data": {
    "total": 6,
    "isNext": "Y",
    "list": [{
      "businessBelong": "i_pay",
      "userNo": "UR5987356334750699520",
      "pointType": "1",
      "targetType": "sign",
      "targetNo": "20200716",
      "pointDesc": "签到奖励",
      "totalPoint": 10,
      "availablePoint": 10,
      "pointStatus": "1",
      "expiryDate": "2021-07-16T12:41:37.510+0000",
      "goodsName": null,
      "dateCreated": "2020-07-16T12:41:37.519+0000"
    }, {
      "businessBelong": "i_pay",
      "userNo": "UR5987356334750699520",
      "pointType": "1",
      "targetType": "sign",
      "targetNo": "20200716",
      "pointDesc": "签到奖励",
      "totalPoint": 10,
      "availablePoint": 10,
      "pointStatus": "1",
      "expiryDate": "2021-07-16T12:46:10.457+0000",
      "goodsName": null,
      "dateCreated": "2020-07-16T12:46:10.457+0000"
    }, {
      "businessBelong": "i_pay",
      "userNo": "UR5987356334750699520",
      "pointType": "1",
      "targetType": "sign",
      "targetNo": "20200716",
      "pointDesc": "签到奖励",
      "totalPoint": 10,
      "availablePoint": 10,
      "pointStatus": "1",
      "expiryDate": "2021-07-16T12:47:58.584+0000",
      "goodsName": null,
      "dateCreated": "2020-07-16T12:47:58.584+0000"
    }, {
      "businessBelong": "i_pay",
      "userNo": "UR5987356334750699520",
      "pointType": "1",
      "targetType": "sign",
      "targetNo": "20200717",
      "pointDesc": "签到奖励",
      "totalPoint": 10,
      "availablePoint": 10,
      "pointStatus": "1",
      "expiryDate": "2021-07-17T04:38:01.423+0000",
      "goodsName": null,
      "dateCreated": "2020-07-17T04:38:01.423+0000"
    }, {
      "businessBelong": "i_pay",
      "userNo": "UR5987356334750699520",
      "pointType": "1",
      "targetType": "sign",
      "targetNo": "20200717",
      "pointDesc": "签到奖励",
      "totalPoint": 10,
      "availablePoint": 10,
      "pointStatus": "1",
      "expiryDate": "2021-07-17T06:16:27.423+0000",
      "goodsName": null,
      "dateCreated": "2020-07-17T06:16:27.423+0000"
    }, {
      "businessBelong": "i_pay",
      "userNo": "UR5987356334750699520",
      "pointType": "1",
      "targetType": "sign",
      "targetNo": "20200717",
      "pointDesc": "签到奖励",
      "totalPoint": 10,
      "availablePoint": 10,
      "pointStatus": "1",
      "expiryDate": "2021-07-17T06:16:36.567+0000",
      "goodsName": null,
      "dateCreated": "2020-07-17T06:16:36.567+0000"
    }],
    "pageNo": 1
  },
  "requestNo": "2dbaf72337f844d198e2ae037814cfca"
}
