{
	"code": "",
	"data": {
		"list": [{
      "dateCreated": 1594623284990,
      "pointDesc": "开卡赠送",
      "totalPoint": "3"
    },{
      "dateCreated": 1594623284990,
      "pointDesc": "开卡赠送",
      "totalPoint": "3"
    },{
      "dateCreated": 1594623284990,
      "pointDesc": "开卡赠送",
      "totalPoint": "3"
    },{
      "dateCreated": 1594623284990,
      "pointDesc": "开卡赠送",
      "totalPoint": "3"
    },{
      "dateCreated": 1594623284990,
      "pointDesc": "开卡赠送",
      "totalPoint": "3"
    },{
      "dateCreated": 1594623284990,
      "pointDesc": "开卡赠送",
      "totalPoint": "3"
    },{
      "dateCreated": 1594623284990,
      "pointDesc": "开卡赠送",
      "totalPoint": "3"
    },{
      "dateCreated": 1594623284990,
      "pointDesc": "开卡赠送",
      "totalPoint": "-3"
    },{
      "dateCreated": 1594623284990,
      "pointDesc": "开卡赠送",
      "totalPoint": "-3"
    }],
    "pageNo": "10",
    "isNext": "N"
	},
	"flag": "S",
	"msg": ""
}
